date,Unnamed: 0,n_sick,calls,n_duty,n_sby,sby_need,dafted,weekday,year,calendarweek,month,quarter,season,Feiertage,schulferien,Sick-ratio,Residuals_calls,Residuals_Sick-ratio,Ausrei√üer_Sick-ratio
2016-04-01,0,73,8154,1700,90,8154,8154,4,2016,13,4,2,1,0,1,0.0429411764705882,,,False
2016-04-02,1,64,8526,1700,90,8526,8526,5,2016,13,4,2,1,0,1,0.0376470588235294,,,False
2016-04-03,2,68,8088,1700,90,8088,8088,6,2016,13,4,2,1,0,0,0.04,,,False
2016-04-04,3,71,7044,1700,90,7044,7044,0,2016,14,4,2,1,0,0,0.0417647058823529,-660.8462318340473,,False
2016-04-05,4,63,7236,1700,90,7236,7236,1,2016,14,4,2,1,0,0,0.0370588235294117,-378.54309594554496,,False
2016-04-06,5,70,6492,1700,90,6492,6492,2,2016,14,4,2,1,0,0,0.0411764705882352,-621.328810231259,,False
2016-04-07,6,64,6204,1700,90,6204,6204,3,2016,14,4,2,1,0,0,0.0376470588235294,-565.9176604054745,,False
2016-04-08,7,62,7614,1700,90,7614,7614,4,2016,14,4,2,1,0,0,0.0364705882352941,979.4638726955704,,False
2016-04-09,8,51,5706,1700,90,5706,5706,5,2016,14,4,2,1,0,0,0.03,-582.4219249573229,,False
2016-04-10,9,54,6606,1700,90,6606,6606,6,2016,14,4,2,1,0,0,0.0317647058823529,818.1652792495124,,False
2016-04-11,10,50,6822,1700,90,6822,6822,0,2016,15,4,2,1,0,0,0.0294117647058823,123.43948245166736,,False
2016-04-12,11,49,6060,1700,90,6060,6060,1,2016,15,4,2,1,0,0,0.0288235294117647,-624.5430959455459,,False
2016-04-13,12,53,5964,1700,90,5964,5964,2,2016,15,4,2,1,0,0,0.0311764705882352,-773.9002388026893,,False
2016-04-14,13,52,5928,1700,90,5928,5928,3,2016,15,4,2,1,0,0,0.0305882352941176,-769.0605175483332,,False
2016-04-15,14,63,7608,1700,90,7608,7608,4,2016,15,4,2,1,0,0,0.0370588235294117,1022.3210155527116,,False
2016-04-16,15,55,6768,1700,90,6768,6768,5,2016,15,4,2,1,0,0,0.0323529411764705,-13.279067814466885,,False
2016-04-17,16,51,7242,1700,90,7242,7242,6,2016,15,4,2,1,0,0,0.03,842.1652792495124,,False
2016-04-18,17,59,6768,1700,90,6768,6768,0,2016,16,4,2,1,0,0,0.0347058823529411,-851.9890889769042,,False
2016-04-19,18,57,8676,1700,90,8676,8676,1,2016,16,4,2,1,0,0,0.0335294117647058,1340.0283326258834,,False
2016-04-20,19,53,6270,1700,90,6270,6270,2,2016,16,4,2,1,0,0,0.0311764705882352,-738.7573816598306,,False
2016-04-21,20,63,7818,1700,90,7818,7818,3,2016,16,4,2,1,0,0,0.0370588235294117,1277.7966253088098,,False
2016-04-22,21,68,5712,1700,90,5712,5712,4,2016,16,4,2,1,0,0,0.04,-597.6789844472875,,False
2016-04-23,22,62,5166,1700,90,5166,5166,5,2016,16,4,2,1,0,0,0.0364705882352941,-665.5647821001807,,False
2016-04-24,23,71,4884,1700,90,4884,4884,6,2016,16,4,2,1,0,0,0.0417647058823529,-715.26329217906,,False
2016-04-25,24,72,5880,1700,90,5880,5880,0,2016,17,4,2,1,0,0,0.0423529411764705,-533.9890889769042,,False
2016-04-26,25,65,6576,1700,90,6576,6576,1,2016,17,4,2,1,0,0,0.038235294117647,-87.97166737411652,,False
2016-04-27,26,62,7620,1700,90,7620,7620,2,2016,17,4,2,1,0,0,0.0364705882352941,1017.5283326258832,,False
2016-04-28,27,66,6870,1700,90,6870,6870,3,2016,17,4,2,1,0,0,0.0388235294117647,-103.06051754833328,,False
2016-04-29,28,64,7554,1700,90,7554,7554,4,2016,17,4,2,1,0,0,0.0376470588235294,412.892444124141,,False
2016-04-30,29,65,5424,1700,90,5424,5424,5,2016,17,4,2,1,0,0,0.038235294117647,-1701.8504963858954,,False
2016-05-01,30,54,8400,1700,90,8400,8400,6,2016,17,5,2,1,1,0,0.0317647058823529,1596.450993535227,,False
2016-05-02,31,63,7782,1700,90,7782,7782,0,2016,18,5,2,1,0,0,0.0370588235294117,-142.2748032626189,,False
2016-05-03,32,61,7716,1700,90,7716,7716,1,2016,18,5,2,1,0,0,0.0358823529411764,-173.68595308840275,,False
2016-05-04,33,58,8340,1700,90,8340,8340,2,2016,18,5,2,1,0,0,0.0341176470588235,56.67118976874099,,False
2016-05-05,34,57,8064,1700,90,8064,8064,3,2016,18,5,2,1,1,0,0.0335294117647058,183.2251967373814,,False
2016-05-06,35,59,7404,1700,90,7404,7404,4,2016,18,5,2,1,0,0,0.0347058823529411,-373.9646987330012,,False
2016-05-07,36,57,8868,1700,90,8868,8868,5,2016,18,5,2,1,0,0,0.0335294117647058,1373.578075042676,,False
2016-05-08,37,61,6504,1700,90,6504,6504,6,2016,18,5,2,1,0,0,0.0358823529411764,-446.97757789334446,,False
2016-05-09,38,65,7788,1700,90,7788,7788,0,2016,19,5,2,1,0,0,0.038235294117647,-23.131946119761096,,False
2016-05-10,39,68,6978,1700,90,6978,6978,1,2016,19,5,2,1,0,0,0.04,-957.9716673741166,,False
2016-05-11,40,61,7512,1700,90,7512,7512,2,2016,19,5,2,1,0,0,0.0358823529411764,-221.0430959455444,,False
2016-05-12,41,55,7434,1700,90,7434,7434,3,2016,19,5,2,1,0,0,0.0323529411764705,-334.489088976903,,False
2016-05-13,42,56,8370,1700,90,8370,8370,4,2016,19,5,2,1,0,0,0.0329411764705882,525.1781584098557,,False
2016-05-14,43,50,8136,1700,90,8136,8136,5,2016,19,5,2,1,0,0,0.0294117647058823,244.720932185534,,False
2016-05-15,44,57,7674,1700,90,7674,7674,6,2016,19,5,2,1,0,0,0.0335294117647058,111.87956496379866,,False
2016-05-16,45,52,9048,1700,90,9048,9048,0,2016,20,5,2,1,1,0,0.0305882352941176,404.5823395945233,,False
2016-05-17,46,53,8550,1700,90,8550,8550,1,2016,20,5,2,1,0,0,0.0311764705882352,288.3140469115981,,False
2016-05-18,47,52,8184,1700,90,8184,8184,2,2016,20,5,2,1,0,0,0.0305882352941176,-14.471667374115896,,False
2016-05-19,48,51,8352,1700,90,8352,8352,3,2016,20,5,2,1,0,0,0.03,450.65376816595295,,False
2016-05-20,49,57,5790,1700,90,5790,5790,4,2016,20,5,2,1,0,0,0.0335294117647058,-1832.821841590144,,False
2016-05-21,50,56,8382,1700,90,8382,8382,5,2016,20,5,2,1,0,0,0.0329411764705882,1257.0066464712477,,False
2016-05-22,51,58,6516,1700,90,6516,6516,6,2016,20,5,2,1,0,0,0.0341176470588235,-185.5490064647729,,False
2016-05-23,52,57,7824,1700,90,7824,7824,0,2016,21,5,2,1,0,0,0.0335294117647058,204.8680538802389,,False
2016-05-24,53,55,6312,1700,90,6312,6312,1,2016,21,5,2,1,0,0,0.0323529411764705,-1335.9716673741166,,False
2016-05-25,54,49,8196,1700,90,8196,8196,2,2016,21,5,2,1,0,0,0.0288235294117647,961.814046911598,,False
2016-05-26,55,46,8124,1700,90,8124,8124,3,2016,21,5,2,1,0,0,0.0270588235294117,954.653768165954,,False
2016-05-27,56,50,6084,1700,90,6084,6084,4,2016,21,5,2,1,0,0,0.0294117647058823,-1102.5361273044296,,False
2016-05-28,57,50,6174,1700,90,6174,6174,5,2016,21,5,2,1,0,0,0.0294117647058823,-1076.1362106716092,,False
2016-05-29,58,52,6984,1700,90,6984,6984,6,2016,21,5,2,1,0,0,0.0305882352941176,236.1652792495124,,False
2016-05-30,59,59,8670,1700,90,8670,8670,0,2016,22,5,2,1,0,0,0.0347058823529411,947.1537681659536,,False
2016-05-31,60,59,8004,1700,90,8004,8004,1,2016,22,5,2,1,0,0,0.0347058823529411,-111.1145245169734,,False
2016-06-01,61,64,7656,1700,90,7656,7656,2,2016,22,6,2,2,0,0,0.0376470588235294,-825.3288102312599,,False
2016-06-02,62,63,8298,1700,90,8298,8298,3,2016,22,6,2,2,0,0,0.0370588235294117,-270.20337469118925,,False
2016-06-03,63,69,8922,1700,90,8922,8922,4,2016,22,6,2,2,0,0,0.0405882352941176,349.4638726955704,,False
2016-06-04,64,67,9426,1700,90,9426,9426,5,2016,22,6,2,2,0,0,0.0394117647058823,830.1495036141065,,False
2016-06-05,65,61,8514,1700,90,8514,8514,6,2016,22,6,2,2,0,0,0.0358823529411764,399.8795649637968,,False
2016-06-06,66,62,9426,1700,90,9426,9426,0,2016,23,6,2,2,0,0,0.0364705882352941,581.1537681659527,,False
2016-06-07,67,53,9414,1700,90,9414,9414,1,2016,23,6,2,2,0,0,0.0311764705882352,824.0283326258834,,False
2016-06-08,68,50,7260,1700,90,7260,7260,2,2016,23,6,2,2,0,0,0.0294117647058823,-986.4716673741168,,False
2016-06-09,69,48,6762,1700,90,6762,6762,3,2016,23,6,2,2,0,0,0.028235294117647,-1059.6319461197618,,False
2016-06-10,70,53,7230,1700,90,7230,7230,4,2016,23,6,2,2,0,0,0.0311764705882352,-397.107555875859,,False
2016-06-11,71,51,7710,1700,90,7710,7710,5,2016,23,6,2,2,0,0,0.03,440.1495036141056,,False
2016-06-12,72,59,6462,1700,90,6462,6462,6,2016,23,6,2,2,0,0,0.0347058823529411,-565.2632921790582,,False
2016-06-13,73,66,8790,1700,90,8790,8790,0,2016,24,6,2,2,0,0,0.0388235294117647,622.2966253088114,,False
2016-06-14,74,58,8160,1700,90,8160,8160,1,2016,24,6,2,2,0,0,0.0341176470588235,50.0283326258853,,False
2016-06-15,75,53,8538,1700,90,8538,8538,2,2016,24,6,2,2,0,0,0.0311764705882352,642.9569040544557,,False
2016-06-16,76,55,8094,1700,90,8094,8094,3,2016,24,6,2,2,0,0,0.0323529411764705,276.65376816595386,,False
2016-06-17,77,54,6918,1700,90,6918,6918,4,2016,24,6,2,2,0,0,0.0317647058823529,-763.107555875859,,False
2016-06-18,78,54,6894,1700,90,6894,6894,5,2016,24,6,2,2,0,0,0.0317647058823529,-693.8504963858944,,False
2016-06-19,79,56,6840,1700,90,6840,6840,6,2016,24,6,2,2,0,0,0.0329411764705882,-254.1204350362013,,False
2016-06-20,80,57,8562,1700,90,8562,8562,0,2016,25,6,2,2,0,0,0.0335294117647058,486.0109110230967,,False
2016-06-21,81,60,8754,1700,90,8754,8754,1,2016,25,6,2,2,0,0,0.0352941176470588,834.3140469115981,,False
2016-06-22,82,61,8058,1700,90,8058,8058,2,2016,25,6,2,2,0,0,0.0358823529411764,182.67118976874008,,False
2016-06-23,83,60,8316,1700,90,8316,8316,3,2016,25,6,2,2,0,0,0.0352941176470588,436.0823395945245,,False
2016-06-24,84,53,5916,1700,90,5916,5916,4,2016,25,6,2,2,0,0,0.0311764705882352,-1917.678984447288,,False
2016-06-25,85,45,7272,1700,90,7272,7272,5,2016,25,6,2,2,0,0,0.0264705882352941,-245.56478210018065,,False
2016-06-26,86,48,7794,1700,90,7794,7794,6,2016,25,6,2,2,0,0,0.028235294117647,909.8795649637976,,False
2016-06-27,87,50,8964,1700,90,8964,8964,0,2016,26,6,2,2,0,0,0.0294117647058823,1359.4394824516664,,False
2016-06-28,88,44,7788,1700,90,7788,7788,1,2016,26,6,2,2,0,0,0.0258823529411764,-207.1145245169734,,False
2016-06-29,89,44,6600,1700,90,6600,6600,2,2016,26,6,2,2,0,0,0.0258823529411764,-1274.4716673741175,,False
2016-06-30,90,48,6708,1700,90,6708,6708,3,2016,26,6,2,2,0,0,0.028235294117647,-1117.9176604054755,,False
2016-07-01,91,41,8742,1700,90,8742,8742,4,2016,26,7,3,2,0,0,0.0241176470588235,1082.3210155527129,,False
2016-07-02,92,40,7116,1700,90,7116,7116,5,2016,26,7,3,2,0,0,0.0235294117647058,-474.42192495732377,,False
2016-07-03,93,46,8376,1700,90,8376,8376,6,2016,26,7,3,2,0,0,0.0270588235294117,767.5938506780831,,False
2016-07-04,94,50,8526,1700,90,8526,8526,0,2016,27,7,3,2,0,0,0.0294117647058823,-280.2748032626198,,False
2016-07-05,95,47,8550,1700,90,8550,8550,1,2016,27,7,3,2,0,0,0.0276470588235294,-283.400238802689,,False
2016-07-06,96,51,9702,1700,90,9702,9702,2,2016,27,7,3,2,0,0,0.03,764.6711897687401,,False
2016-07-07,97,60,8442,1700,90,8442,8442,3,2016,27,7,3,2,0,0,0.0352941176470588,-220.48908897690484,,False
2016-07-08,98,64,9024,1700,90,9024,9024,4,2016,27,7,3,2,0,0,0.0376470588235294,327.17815840985475,,False
2016-07-09,99,69,8532,1700,90,8532,8532,5,2016,27,7,3,2,0,0,0.0405882352941176,73.29236075696156,,False
2016-07-10,100,70,7374,1700,90,7374,7374,6,2016,27,7,3,2,0,0,0.0411764705882352,-560.9775778933445,,False
2016-07-11,101,70,9492,1700,90,9492,9492,0,2016,28,7,3,2,0,0,0.0411764705882352,494.5823395945233,,False
2016-07-12,102,52,8130,1700,90,8130,8130,1,2016,28,7,3,2,0,0,0.0305882352941176,-654.5430959455441,,False
2016-07-13,103,48,9012,1700,90,9012,9012,2,2016,28,7,3,2,0,0,0.028235294117647,654.0997611973107,,False
2016-07-14,104,48,9228,1700,90,9228,9228,3,2016,28,7,3,2,0,0,0.028235294117647,1256.3680538802382,,False
2016-07-15,105,54,7626,1700,90,7626,7626,4,2016,28,7,3,2,0,0,0.0317647058823529,49.46387269556943,,False
2016-07-16,106,58,6234,1700,90,6234,6234,5,2016,28,7,3,2,0,0,0.0341176470588235,-966.4219249573238,,False
2016-07-17,107,63,5592,1700,90,5592,5592,6,2016,28,7,3,2,0,0,0.0370588235294117,-877.2632921790591,,False
2016-07-18,108,67,7452,1700,90,7452,7452,0,2016,29,7,3,2,0,0,0.0394117647058823,361.725196737382,,False
2016-07-19,109,62,6744,1700,90,6744,6744,1,2016,29,7,3,2,0,0,0.0364705882352941,-507.1145245169743,,False
2016-07-20,110,69,6870,1700,90,6870,6870,2,2016,29,7,3,2,0,1,0.0405882352941176,-313.6145245169737,,False
2016-07-21,111,73,6924,1700,90,6924,6924,3,2016,29,7,3,2,0,1,0.0429411764705882,-170.7748032626186,,False
2016-07-22,112,67,8844,1700,90,8844,8844,4,2016,29,7,3,2,0,1,0.0394117647058823,1864.892444124141,,False
2016-07-23,113,63,6450,1700,90,6450,6450,5,2016,29,7,3,2,0,1,0.0370588235294117,-457.279067814466,,False
2016-07-24,114,60,5892,1700,90,5892,5892,6,2016,29,7,3,2,0,1,0.0352941176470588,-563.5490064647729,,False
2016-07-25,115,62,7368,1700,90,7368,7368,0,2016,30,7,3,2,0,1,0.0364705882352941,-57.41766040547577,,False
2016-07-26,116,53,7488,1700,90,7488,7488,1,2016,30,7,3,2,0,1,0.0311764705882352,342.31404691159725,,False
2016-07-27,117,49,6684,1700,90,6684,6684,2,2016,30,7,3,2,0,1,0.0288235294117647,-367.6145245169737,,False
2016-07-28,118,51,7062,1700,90,7062,7062,3,2016,30,7,3,2,0,1,0.03,96.65376816595388,,False
2016-07-29,119,50,6978,1700,90,6978,6978,4,2016,30,7,3,2,0,1,0.0294117647058823,-336.250413018715,,False
2016-07-30,120,49,6480,1700,90,6480,6480,5,2016,30,7,3,2,0,1,0.0288235294117647,-1070.9933535287523,,False
2016-07-31,121,51,6210,1700,90,6210,6210,6,2016,30,7,3,2,0,1,0.03,-1320.406149321916,,False
2016-08-01,122,53,10536,1700,90,10536,10536,0,2016,31,8,3,2,0,1,0.0311764705882352,1658.5823395945251,,False
2016-08-02,123,51,10392,1700,90,10392,10392,1,2016,31,8,3,2,0,1,0.03,1202.0283326258834,,False
2016-08-03,124,49,9516,1700,90,9516,9516,2,2016,31,8,3,2,0,1,0.0288235294117647,63.52833262588501,,False
2016-08-04,125,52,9840,1700,90,9840,9840,3,2016,31,8,3,2,0,1,0.0305882352941176,562.9394824516677,,False
2016-08-05,126,49,9258,1700,90,9258,9258,4,2016,31,8,3,2,0,1,0.0288235294117647,528.6067298384272,,False
2016-08-06,127,44,9006,1700,90,9006,9006,5,2016,31,8,3,2,0,1,0.0258823529411764,962.1495036141048,,False
2016-08-07,128,46,5904,1700,90,5904,5904,6,2016,31,8,3,2,0,1,0.0270588235294117,-1427.549006464772,,False
2016-08-08,129,40,7428,1700,90,7428,7428,0,2016,32,8,3,2,0,1,0.0235294117647058,-665.9890889769042,,False
2016-08-09,130,37,6840,1700,90,6840,6840,1,2016,32,8,3,2,0,1,0.0217647058823529,-1097.685953088402,,False
2016-08-10,131,38,7506,1700,90,7506,7506,2,2016,32,8,3,2,0,1,0.0223529411764705,-12.75738165983148,,False
2016-08-11,132,45,8526,1700,90,8526,8526,3,2016,32,8,3,2,0,1,0.0264705882352941,1156.939482451667,,False
2016-08-12,133,43,8256,1700,90,8256,8256,4,2016,32,8,3,2,0,1,0.0252941176470588,994.035301266998,,False
2016-08-13,134,38,6762,1700,90,6762,6762,5,2016,32,8,3,2,0,1,0.0223529411764705,-363.8504963858944,,False
2016-08-14,135,38,5778,1700,90,5778,5778,6,2016,32,8,3,2,0,1,0.0223529411764705,-784.6918636076307,,False
2016-08-15,136,42,7404,1700,90,7404,7404,0,2016,33,8,3,2,0,1,0.0247058823529411,-129.41766040547577,,False
2016-08-16,137,44,7134,1700,90,7134,7134,1,2016,33,8,3,2,0,1,0.0258823529411764,-353.68595308840185,,False
2016-08-17,138,47,6540,1700,90,6540,6540,2,2016,33,8,3,2,0,1,0.0276470588235294,-785.9002388026884,,False
2016-08-18,139,46,8670,1700,90,8670,8670,3,2016,33,8,3,2,0,1,0.0270588235294117,1127.7966253088098,,False
2016-08-19,140,45,8028,1700,90,8028,8028,4,2016,33,8,3,2,0,1,0.0264705882352941,696.6067298384263,,False
2016-08-20,141,36,6318,1700,90,6318,6318,5,2016,33,8,3,2,0,1,0.0211764705882352,-970.7076392430376,,False
2016-08-21,142,44,8214,1700,90,8214,8214,6,2016,33,8,3,2,0,1,0.0258823529411764,1080.4509935352262,,False
2016-08-22,143,49,6654,1700,90,6654,6654,0,2016,34,8,3,2,0,1,0.0288235294117647,-1211.131946119761,,False
2016-08-23,144,48,8082,1700,90,8082,8082,1,2016,34,8,3,2,0,1,0.028235294117647,222.31404691159813,,False
2016-08-24,145,49,8430,1700,90,8430,8430,2,2016,34,8,3,2,0,1,0.0288235294117647,481.81404691159696,,False
2016-08-25,146,52,7140,1700,90,7140,7140,3,2016,34,8,3,2,0,1,0.0305882352941176,-501.6319461197608,,False
2016-08-26,147,55,8082,1700,90,8082,8082,4,2016,34,8,3,2,0,1,0.0323529411764705,517.4638726955703,,False
2016-08-27,148,48,7626,1700,90,7626,7626,5,2016,34,8,3,2,0,1,0.028235294117647,166.72093218553402,,False
2016-08-28,149,49,6990,1700,90,6990,6990,6,2016,34,8,3,2,0,1,0.0288235294117647,-109.26329217905914,,False
2016-08-29,150,60,6840,1700,90,6840,6840,0,2016,35,8,3,2,0,1,0.0352941176470588,-1520.5605175483329,,False
2016-08-30,151,59,8592,1700,90,8592,8592,1,2016,35,8,3,2,0,1,0.0347058823529411,61.17118976874036,,False
2016-08-31,152,54,8886,1700,90,8886,8886,2,2016,35,8,3,2,0,1,0.0317647058823529,488.6711897687401,,False
2016-09-01,153,52,9318,1700,90,9318,9318,3,2016,35,9,3,3,0,1,0.0305882352941176,974.3680538802384,,False
2016-09-02,154,61,9366,1700,90,9366,9366,4,2016,35,9,3,3,0,1,0.0358823529411764,1024.892444124141,,False
2016-09-03,155,55,7380,1700,90,7380,7380,5,2016,35,9,3,3,0,0,0.0323529411764705,-635.5647821001816,,False
2016-09-04,156,69,7536,1700,90,7536,7536,6,2016,35,9,3,3,0,0,0.0405882352941176,-8.97757789334446,,False
2016-09-05,157,73,7548,1700,90,7548,7548,0,2016,36,9,3,3,0,0,0.0429411764705882,-865.7033746911895,,False
2016-09-06,158,67,7560,1700,90,7560,7560,1,2016,36,9,3,3,0,0,0.0394117647058823,-442.8288102312597,,False
2016-09-07,159,64,8568,1700,90,8568,8568,2,2016,36,9,3,3,0,0,0.0376470588235294,664.3854754830254,,False
2016-09-08,160,67,8748,1700,90,8748,8748,3,2016,36,9,3,3,0,0,0.0394117647058823,880.9394824516677,,False
2016-09-09,161,62,6582,1700,90,6582,6582,4,2016,36,9,3,3,0,0,0.0364705882352941,-1040.8218415901442,,False
2016-09-10,162,59,7374,1700,90,7374,7374,5,2016,36,9,3,3,0,0,0.0347058823529411,-23.56478210017974,,False
2016-09-11,163,68,8202,1700,90,8202,8202,6,2016,36,9,3,3,0,0,0.04,1237.3081363923693,,False
2016-09-12,164,72,6564,1700,90,6564,6564,0,2016,37,9,3,3,0,0,0.0423529411764705,-1283.9890889769042,,False
2016-09-13,165,65,7230,1700,90,7230,7230,1,2016,37,9,3,3,0,0,0.038235294117647,-782.2573816598313,,False
2016-09-14,166,68,8514,1700,90,8514,8514,2,2016,37,9,3,3,0,0,0.04,702.0997611973125,,False
2016-09-15,167,75,8280,1700,90,8280,8280,3,2016,37,9,3,3,0,0,0.0441176470588235,896.3680538802392,,False
2016-09-16,168,71,7824,1700,90,7824,7824,4,2016,37,9,3,3,0,0,0.0417647058823529,349.4638726955704,,False
2016-09-17,169,74,6660,1700,90,6660,6660,5,2016,37,9,3,3,0,0,0.0435294117647058,-655.2790678144651,,False
2016-09-18,170,81,6126,1700,90,6126,6126,6,2016,37,9,3,3,0,0,0.0476470588235294,-766.6918636076298,,False
2016-09-19,171,75,7926,1700,90,7926,7926,0,2016,38,9,3,3,0,0,0.0441176470588235,82.29662530881046,,False
2016-09-20,172,72,7362,1700,90,7362,7362,1,2016,38,9,3,3,0,0,0.0423529411764705,-180.54309594554496,,False
2016-09-21,173,80,8532,1700,90,8532,8532,2,2016,38,9,3,3,0,0,0.0470588235294117,918.9569040544555,,False
2016-09-22,174,77,8286,1700,90,8286,8286,3,2016,38,9,3,3,0,0,0.0452941176470588,918.653768165954,,False
2016-09-23,175,76,5808,1700,90,5808,5808,4,2016,38,9,3,3,0,0,0.0447058823529411,-1544.8218415901442,,False
2016-09-24,176,71,7842,1700,90,7842,7842,5,2016,38,9,3,3,0,0,0.0417647058823529,627.8637893283909,,False
2016-09-25,177,79,5328,1700,90,5328,5328,6,2016,38,9,3,3,0,0,0.0464705882352941,-1231.2632921790582,,False
2016-09-26,178,80,8550,1700,90,8550,8550,0,2016,39,9,3,3,0,0,0.0470588235294117,1056.868053880239,,False
2016-09-27,179,90,7638,1700,90,7638,7638,1,2016,39,9,3,3,0,0,0.0529411764705882,-229.40023880268808,,False
2016-09-28,180,89,6924,1700,90,6924,6924,2,2016,39,9,3,3,0,0,0.0523529411764705,-652.1859530884021,,False
2016-09-29,181,89,8172,1700,90,8172,8172,3,2016,39,9,3,3,0,0,0.0523529411764705,364.0823395945245,,False
2016-09-30,182,91,8520,1700,90,8520,8520,4,2016,39,9,3,3,0,0,0.0535294117647058,893.7495869812841,0.0062451792261811,False
2016-10-01,183,72,6492,1700,90,6492,6492,5,2016,39,10,4,3,0,0,0.0423529411764705,-921.8504963858952,-0.0015448709283035,False
2016-10-02,184,77,7872,1700,90,7872,7872,6,2016,39,10,4,3,0,0,0.0452941176470588,710.1652792495124,0.0021997543110416,False
2016-10-03,185,83,8004,1700,90,8004,8004,0,2016,40,10,4,3,1,0,0.0488235294117647,56.58233959452332,0.0026008409653621,False
2016-10-04,186,85,7398,1700,90,7398,7398,1,2016,40,10,4,3,0,0,0.05,-186.5430959455468,0.0021122957595685,False
2016-10-05,187,83,8136,1700,90,8136,8136,2,2016,40,10,4,3,0,0,0.0488235294117647,552.0997611973116,0.0033821042677671,False
2016-10-06,188,77,7020,1700,90,7020,7020,3,2016,40,10,4,3,0,0,0.0452941176470588,-427.9176604054755,0.0031423428981868,False
2016-10-07,189,84,6072,1700,90,6072,6072,4,2016,40,10,4,3,0,0,0.0494117647058823,-1245.6789844472864,0.0060085405348157,False
2016-10-08,190,77,7176,1700,90,7176,7176,5,2016,40,10,4,3,0,0,0.0452941176470588,-36.42192495732377,4.6176032818553633e-05,False
2016-10-09,191,81,7842,1700,90,7842,7842,6,2016,40,10,4,3,0,0,0.0476470588235294,1303.3081363923702,0.0001983437652484,False
2016-10-10,192,91,7818,1700,90,7818,7818,0,2016,41,10,4,3,0,0,0.0535294117647058,342.0109110230967,0.0048828621612473,False
2016-10-11,193,80,7908,1700,90,7908,7908,1,2016,41,10,4,3,0,0,0.0470588235294117,208.59976119731192,8.844999599671825e-05,False
2016-10-12,194,81,6396,1700,90,6396,6396,2,2016,41,10,4,3,0,0,0.0476470588235294,-1173.328810231259,-0.0007696927644319,False
2016-10-13,195,84,6930,1700,90,6930,6930,3,2016,41,10,4,3,0,0,0.0494117647058823,-475.0605175483324,0.0034326922831542,False
2016-10-14,196,90,7728,1700,90,7728,7728,4,2016,41,10,4,3,0,0,0.0529411764705882,591.1781584098566,0.007149254258421,False
2016-10-15,197,86,6954,1700,90,6954,6954,5,2016,41,10,4,3,0,0,0.0505882352941176,96.43521789981936,0.0026680476605852,False
2016-10-16,198,86,7614,1700,90,7614,7614,6,2016,41,10,4,3,0,0,0.0505882352941176,939.0224221066557,0.0020747859226608,False
2016-10-17,199,90,6666,1700,90,6666,6666,0,2016,42,10,4,3,0,1,0.0529411764705882,-1031.9890889769042,0.0040138638529598,False
2016-10-18,200,78,7200,1700,90,7200,7200,1,2016,42,10,4,3,0,1,0.0458823529411764,-271.4002388026881,-0.0010221506169153,False
2016-10-19,201,75,8094,1700,90,8094,8094,2,2016,42,10,4,3,0,1,0.0441176470588235,762.9569040544538,-0.0037793733810509,False
2016-10-20,202,73,7440,1700,90,7440,7440,3,2016,42,10,4,3,0,1,0.0429411764705882,613.5109110230952,-0.0033902386676446,False
2016-10-21,203,77,6234,1700,90,6234,6234,4,2016,42,10,4,3,0,1,0.0452941176470588,-757.107555875859,-0.0025134635083299,False
2016-10-22,204,75,6660,1700,90,6660,6660,5,2016,42,10,4,3,0,1,0.0441176470588235,-10.707639243038445,-0.0029180074135312,False
2016-10-23,205,70,5004,1700,90,5004,5004,6,2016,42,10,4,3,0,1,0.0411764705882352,-957.8347207504868,-0.0030646020763903,False
2016-10-24,206,73,8544,1700,90,8544,8544,0,2016,43,10,4,3,0,1,0.0429411764705882,1785.4394824516671,0.0010133800577434,False
2016-10-25,207,59,6204,1700,90,6204,6204,1,2016,43,10,4,3,0,1,0.0347058823529411,-426.54309594554496,-0.0018042495656031,False
2016-10-26,208,57,6108,1700,90,6108,6108,2,2016,43,10,4,3,0,1,0.0335294117647058,-612.7573816598306,-0.0029142517175494,False
2016-10-27,209,60,6366,1700,90,6366,6366,3,2016,43,10,4,3,0,1,0.0352941176470588,-326.7748032626177,-0.0006344248785385,False
2016-10-28,210,61,5430,1700,90,5430,5430,4,2016,43,10,4,3,0,1,0.0358823529411764,-777.6789844472875,3.436231910907317e-05,False
2016-10-29,211,50,7980,1700,90,7980,7980,5,2016,43,10,4,3,0,1,0.0294117647058823,1465.2923607569614,-0.0154997680197203,True
2016-10-30,212,59,5730,1700,90,5730,5730,6,2016,43,10,4,3,0,0,0.0347058823529411,-426.406149321916,0.0001566509846353,False
2016-10-31,213,71,5874,1700,90,5874,5874,0,2016,44,10,4,3,0,0,0.0417647058823529,-1516.274803262619,0.0043299878993099,False
2016-11-01,214,65,9600,1700,90,9600,9600,1,2016,44,11,4,3,0,0,0.038235294117647,2000.8854754830263,0.0046731620671586,False
2016-11-02,215,66,6576,1700,90,6576,6576,2,2016,44,11,4,3,0,0,0.0388235294117647,-579.328810231259,0.0048628129335133,False
2016-11-03,216,62,8352,1700,90,8352,8352,3,2016,44,11,4,3,0,0,0.0364705882352941,1237.510911023096,0.0037976340942134,False
2016-11-04,217,62,6984,1700,90,6984,6984,4,2016,44,11,4,3,0,0,0.0364705882352941,-201.67898444728743,0.0058555638590858,False
2016-11-05,218,47,5562,1700,90,5562,5562,5,2016,44,11,4,3,0,0,0.0276470588235294,-1010.1362106716092,-0.0027619253379868,False
2016-11-06,219,48,6366,1700,90,6366,6366,6,2016,44,11,4,3,0,0,0.028235294117647,163.30813639237022,-0.0006387366248664,False
2016-11-07,220,57,7098,1700,90,7098,7098,0,2016,45,11,4,3,0,0,0.0335294117647058,319.725196737382,0.0037820568307036,False
2016-11-08,221,57,6552,1700,90,6552,6552,1,2016,45,11,4,3,0,0,0.0335294117647058,-231.1145245169734,0.0047419033985064,False
2016-11-09,222,55,6966,1700,90,6966,6966,2,2016,45,11,4,3,0,0,0.0323529411764705,55.81404691159787,-0.0001958990716765,False
2016-11-10,223,55,5730,1700,90,5730,5730,3,2016,45,11,4,3,0,0,0.0323529411764705,-1006.489088976904,0.0017976482310866,False
2016-11-11,224,57,7110,1700,90,7110,7110,4,2016,45,11,4,3,0,0,0.0335294117647058,389.7495869812832,0.0021075017887878,False
2016-11-12,225,44,7140,1700,90,7140,7140,5,2016,45,11,4,3,0,0,0.0258823529411764,363.86378932839,-0.0038211022892288,False
2016-11-13,226,48,6072,1700,90,6072,6072,6,2016,45,11,4,3,0,0,0.028235294117647,-83.5490064647729,-0.0001534931643484,False
2016-11-14,227,58,7710,1700,90,7710,7710,0,2016,46,11,4,3,0,0,0.0341176470588235,468.0109110230958,0.003731556778083,False
2016-11-15,228,64,8190,1700,90,8190,8190,1,2016,46,11,4,3,0,0,0.0376470588235294,1080.3140469115972,0.0042696360168282,False
2016-11-16,229,61,5598,1700,90,5598,5598,2,2016,46,11,4,3,0,0,0.0358823529411764,-1224.7573816598317,0.001536153775097,False
2016-11-17,230,62,6684,1700,90,6684,6684,3,2016,46,11,4,3,0,0,0.0364705882352941,123.2251967373814,0.0016710069793765,False
2016-11-18,231,64,6276,1700,90,6276,6276,4,2016,46,11,4,3,0,0,0.0376470588235294,-222.2504130187159,0.0034190580543286,False
2016-11-19,232,59,5820,1700,90,5820,5820,5,2016,46,11,4,3,0,0,0.0347058823529411,-308.9933535287522,-0.0013351142867219,False
2016-11-20,233,72,5160,1700,90,5160,5160,6,2016,46,11,4,3,0,0,0.0423529411764705,-923.5490064647738,0.0048051470569407,False
2016-11-21,234,70,7998,1700,90,7998,7998,0,2016,47,11,4,3,0,0,0.0411764705882352,848.5823395945242,0.0052549022534197,False
2016-11-22,235,67,6852,1700,90,6852,6852,1,2016,47,11,4,3,0,0,0.0394117647058823,-490.82881023125873,0.0055802985178295,False
2016-11-23,236,73,8256,1700,90,8256,8256,2,2016,47,11,4,3,0,0,0.0429411764705882,923.2426183401694,0.0083337561614012,False
2016-11-24,237,78,7494,1700,90,7494,7494,3,2016,47,11,4,3,0,0,0.0458823529411764,240.65376816595384,0.0118737690102482,True
2016-11-25,238,76,7722,1700,90,7722,7722,4,2016,47,11,4,3,0,0,0.0447058823529411,778.0353012669979,0.0106421489088711,True
2016-11-26,239,67,6438,1700,90,6438,6438,5,2016,47,11,4,3,0,0,0.0394117647058823,-295.279067814466,0.0056248673667581,False
2016-11-27,240,65,5526,1700,90,5526,5526,6,2016,47,11,4,3,0,0,0.038235294117647,-514.6918636076307,0.0010301251840563,False
2016-11-28,241,62,6558,1700,90,6558,6558,0,2016,48,11,4,3,0,0,0.0364705882352941,-283.70337469118954,0.0007089401370984,False
2016-11-29,242,55,6624,1700,90,6624,6624,1,2016,48,11,4,3,0,0,0.0323529411764705,-306.54309594554496,-0.0005036949289443,False
2016-11-30,243,49,6384,1700,90,6384,6384,2,2016,48,11,4,3,0,0,0.0288235294117647,-349.6145245169737,-0.0022517004517494,False
2016-12-01,244,43,6450,1700,90,6450,6450,3,2016,48,12,4,0,0,0,0.0252941176470588,-152.7748032626186,-0.0045549976418103,False
2016-12-02,245,46,8436,1700,90,8436,8436,4,2016,48,12,4,0,0,0,0.0270588235294117,1777.4638726955704,-0.0017209339033613,False
2016-12-03,246,45,5748,1700,90,5748,5748,5,2016,48,12,4,0,0,0,0.0264705882352941,-846.4219249573229,-0.0031046086421825,False
2016-12-04,247,51,5532,1700,90,5532,5532,6,2016,48,12,4,0,0,0,0.03,-737.549006464772,-0.0040790727368807,False
2016-12-05,248,50,7674,1700,90,7674,7674,0,2016,49,12,4,0,0,0,0.0294117647058823,493.725196737382,-0.0029691938898841,False
2016-12-06,249,47,7422,1700,90,7422,7422,1,2016,49,12,4,0,0,0,0.0276470588235294,585.7426183401697,-0.0024500290021073,False
2016-12-07,250,55,7086,1700,90,7086,7086,2,2016,49,12,4,0,0,0,0.0323529411764705,177.5283326258841,-0.0009204782248149,False
2016-12-08,251,60,6174,1700,90,6174,6174,3,2016,49,12,4,0,0,0,0.0352941176470588,-826.4890889769039,0.0033422225776882,False
2016-12-09,252,57,6120,1700,90,6120,6120,4,2016,49,12,4,0,0,0,0.0335294117647058,-752.8218415901453,0.0030258252184561,False
2016-12-10,253,56,6942,1700,90,6942,6942,5,2016,49,12,4,0,0,0,0.0329411764705882,291.0066464712487,0.0002571115325491,False
2016-12-11,254,60,7098,1700,90,7098,7098,6,2016,49,12,4,0,0,0,0.0352941176470588,1036.7367078209418,0.0008931671564329,False
2016-12-12,255,70,7506,1700,90,7506,7506,0,2016,50,12,4,0,0,0,0.0411764705882352,645.4394824516673,0.0041263383869534,False
2016-12-13,256,68,7116,1700,90,7116,7116,1,2016,50,12,4,0,0,0,0.04,314.0283326258835,0.0030081729761124,False
2016-12-14,257,71,5934,1700,90,5934,5934,2,2016,50,12,4,0,0,0,0.0417647058823529,-726.7573816598315,0.0011320072731092,False
2016-12-15,258,70,5118,1700,90,5118,5118,3,2016,50,12,4,0,0,0,0.0411764705882352,-1067.346231834048,-0.0002377237964394,False
2016-12-16,259,62,5802,1700,90,5802,5802,4,2016,50,12,4,0,0,0,0.0364705882352941,-178.53612730442967,-6.332897241996191e-05,False
2016-12-17,260,57,6642,1700,90,6642,6642,5,2016,50,12,4,0,0,0,0.0335294117647058,930.4352178998204,-0.0017831620630703,False
2016-12-18,261,62,4692,1700,90,4692,4692,6,2016,50,12,4,0,0,0,0.0364705882352941,-495.83472075048667,-0.00252669090936,False
2016-12-19,262,61,6798,1700,90,6798,6798,0,2016,51,12,4,0,0,0,0.0358823529411764,534.0109110230967,-0.0025325129449755,False
2016-12-20,263,51,6480,1700,90,6480,6480,1,2016,51,12,4,0,0,0,0.03,272.8854754830266,-0.0043415614862858,False
2016-12-21,264,49,5244,1700,90,5244,5244,2,2016,51,12,4,0,0,0,0.0288235294117647,-654.7573816598306,-0.0062967735158225,False
2016-12-22,265,49,6000,1700,90,6000,6000,3,2016,51,12,4,0,0,0,0.0288235294117647,41.79662530880985,-0.0057071245343842,False
2016-12-23,266,48,5496,1700,90,5496,5496,4,2016,51,12,4,0,0,1,0.028235294117647,-346.53612730442967,-0.0015301591555867,False
2016-12-24,267,44,5172,1700,90,5172,5172,5,2016,51,12,4,0,0,1,0.0258823529411764,-542.1362106716091,-0.0004664536926276,False
2016-12-25,268,50,6030,1700,90,6030,6030,6,2016,51,12,4,0,1,1,0.0294117647058823,619.3081363923693,0.0004773875785599,False
2016-12-26,269,61,6714,1700,90,6714,6714,0,2016,52,12,4,0,1,1,0.0358823529411764,163.7251967373811,0.0031596754901196,False
2016-12-27,270,80,6828,1700,90,6828,6828,1,2016,52,12,4,0,0,1,0.0470588235294117,293.4569040544541,0.0048806465990631,False
2016-12-28,271,91,6096,1700,90,6096,6096,2,2016,52,12,4,0,0,1,0.0535294117647058,-423.328810231259,0.00673943572875,False
2016-12-29,272,96,7326,1700,90,7326,7326,3,2016,52,12,4,0,0,1,0.0564705882352941,894.653768165953,0.0098895551853287,False
2016-12-30,273,92,5478,1700,90,5478,5478,4,2016,52,12,4,0,0,1,0.0541176470588235,-1111.9646987330011,0.0098379603104164,False
2016-12-31,274,66,5754,1700,90,5754,5754,5,2016,52,12,4,0,0,1,0.0388235294117647,-859.2790678144669,0.0022047132120097,False
2017-01-01,275,60,6336,1800,90,6336,6336,6,2017,52,1,1,0,1,1,0.0333333333333333,-110.12043503620224,0.0023535391446899,False
2017-01-02,276,70,8550,1800,90,8550,8550,0,2017,1,1,1,0,0,1,0.0388888888888888,1019.1537681659528,0.002232791398343,False
2017-01-03,277,74,8238,1800,90,8238,8238,1,2017,1,1,1,0,0,1,0.0411111111111111,638.0283326258825,0.0036175499641102,False
2017-01-04,278,76,7902,1800,90,7902,7902,2,2017,1,1,1,0,0,0,0.0422222222222222,200.67118976874008,0.0026028711774309,False
2017-01-05,279,76,8268,1800,90,8268,8268,3,2017,1,1,1,0,0,0,0.0422222222222222,700.9394824516677,0.002625141465022,False
2017-01-06,280,71,6054,1800,90,6054,6054,4,2017,1,1,1,0,0,0,0.0394444444444444,-961.964698733002,0.0023221717791904,False
2017-01-07,281,81,7152,1800,90,7152,7152,5,2017,1,1,1,0,0,0,0.045,723.0066464712478,0.0038265188677014,False
2017-01-08,282,88,6318,1800,90,6318,6318,6,2017,1,1,1,0,0,0,0.0488888888888888,589.3081363923702,0.0034479687454174,False
2017-01-09,283,89,5418,1800,90,5418,5418,0,2017,2,1,1,0,0,0,0.0494444444444444,-995.9890889769042,0.0056059129613158,False
2017-01-10,284,80,5376,1800,90,5376,5376,1,2017,2,1,1,0,0,0,0.0444444444444444,-945.1145245169736,0.0034145020542468,False
2017-01-11,285,73,5976,1800,90,5976,5976,2,2017,2,1,1,0,0,0,0.0405555555555555,108.09976119731164,0.002021372103396,False
2017-01-12,286,55,6414,1800,90,6414,6414,3,2017,2,1,1,0,0,0,0.0305555555555555,998.3680538802384,-0.0034993501965789,False
2017-01-13,287,47,5496,1800,90,5496,5496,4,2017,2,1,1,0,0,0,0.0261111111111111,58.03530126699787,-0.0033566902967622,False
2017-01-14,288,49,4668,1800,90,4668,4668,5,2017,2,1,1,0,0,0,0.0272222222222222,-816.4219249573238,-0.0056940950495789,False
2017-01-15,289,53,4074,1800,90,4074,4074,6,2017,2,1,1,0,0,0,0.0294444444444444,-834.4061493219169,-0.0061727931378025,False
2017-01-16,290,58,6300,1800,90,6300,6300,0,2017,3,1,1,0,0,0,0.0322222222222222,652.2966253088096,-0.0047934607752011,False
2017-01-17,291,52,6948,1800,90,6948,6948,1,2017,3,1,1,0,0,0,0.0288888888888888,1117.1711897687403,-0.0046176263462601,False
2017-01-18,292,50,4920,1800,90,4920,4920,2,2017,3,1,1,0,0,0,0.0277777777777777,-944.4716673741168,-0.0059484244669984,False
2017-01-19,293,55,4938,1800,90,4938,4938,3,2017,3,1,1,0,0,0,0.0305555555555555,-1158.2033746911902,-0.0063793658413852,False
2017-01-20,294,62,6870,1800,90,6870,6870,4,2017,3,1,1,0,0,0,0.0344444444444444,742.0353012669979,-0.0004640574926191,False
2017-01-21,295,58,5592,1800,90,5592,5592,5,2017,3,1,1,0,0,0,0.0322222222222222,-136.70763924303753,-0.0033962099258106,False
2017-01-22,296,60,6618,1800,90,6618,6618,6,2017,3,1,1,0,0,0,0.0333333333333333,1323.0224221066555,-0.0001922761052264,False
2017-01-23,297,65,7248,1800,90,7248,7248,0,2017,4,1,1,0,0,0,0.0361111111111111,966.0109110230958,0.0035687612585294,False
2017-01-24,298,63,5400,1800,90,5400,5400,1,2017,4,1,1,0,0,0,0.035,-791.685953088401,0.0022336372545899,False
2017-01-25,299,57,4860,1800,90,4860,4860,2,2017,4,1,1,0,0,0,0.0316666666666666,-1211.9002388026884,0.0008362261873031,False
2017-01-26,300,66,5196,1800,90,5196,5196,3,2017,4,1,1,0,0,0,0.0366666666666666,-619.0605175483323,0.004140590711291,False
2017-01-27,301,73,6330,1800,90,6330,6330,4,2017,4,1,1,0,0,0,0.0405555555555555,623.7495869812841,0.0060964106263755,False
2017-01-28,302,62,5442,1800,90,5442,5442,5,2017,4,1,1,0,0,0,0.0344444444444444,-158.1362106716091,0.0009623435893228,False
2017-01-29,303,64,5742,1800,90,5742,5742,6,2017,4,1,1,0,0,0,0.0355555555555555,291.87956496379775,-0.0002975392631212,False
2017-01-30,304,67,7212,1800,90,7212,7212,0,2017,5,1,1,0,0,1,0.0372222222222222,290.5823395945242,0.0002653462611918,False
2017-01-31,305,56,5904,1800,90,5904,5904,1,2017,5,1,1,0,0,1,0.0311111111111111,-1170.543095945546,-0.0035787923555621,False
2017-02-01,306,48,6786,1800,90,6786,6786,2,2017,5,2,1,0,0,1,0.0266666666666666,-365.04309594554616,-0.002114641109868,False
2017-02-02,307,50,8844,1800,90,8844,8844,3,2017,5,2,1,0,0,1,0.0277777777777777,1802.3680538802391,-0.0034096917905585,False
2017-02-03,308,54,7494,1800,90,7494,7494,4,2017,5,2,1,0,0,1,0.03,322.892444124141,0.0013732176721931,False
2017-02-04,309,44,6666,1800,90,6666,6666,5,2017,5,2,1,0,0,1,0.0244444444444444,-454.70763924303753,-0.0035237716450429,False
2017-02-05,310,48,5898,1800,90,5898,5898,6,2017,5,2,1,0,0,0,0.0266666666666666,-1065.8347207504876,-0.002171565585979,False
2017-02-06,311,58,8844,1800,90,8844,8844,0,2017,6,2,1,0,0,0,0.0322222222222222,1307.1537681659545,0.0008526838638609,False
2017-02-07,312,60,6798,1800,90,6798,6798,1,2017,6,2,1,0,0,0,0.0333333333333333,-659.6859530884019,0.001397933638849,False
2017-02-08,313,65,8664,1800,90,8664,8664,2,2017,6,2,1,0,0,0,0.0361111111111111,1165.814046911598,0.0017313211635296,False
2017-02-09,314,60,6204,1800,90,6204,6204,3,2017,6,2,1,0,0,0,0.0333333333333333,-1376.7748032626178,0.002181752573777,False
2017-02-10,315,66,7032,1800,90,7032,7032,4,2017,6,2,1,0,0,0,0.0366666666666666,0.6067298384272206,0.0064583404980598,False
2017-02-11,316,62,7638,1800,90,7638,7638,5,2017,6,2,1,0,0,0,0.0344444444444444,782.1495036141056,0.0027013533484776,False
2017-02-12,317,58,7398,1800,90,7398,7398,6,2017,6,2,1,0,0,0,0.0322222222222222,1366.7367078209418,-0.0008018722147589,False
2017-02-13,318,62,5724,1800,90,5724,5724,0,2017,7,2,1,0,0,0,0.0344444444444444,-1487.131946119761,0.0047564258941986,False
2017-02-14,319,56,6816,1800,90,6816,6816,1,2017,7,2,1,0,0,0,0.0311111111111111,-416.2573816598321,0.0014778446707936,False
2017-02-15,320,60,5868,1800,90,5868,5868,2,2017,7,2,1,0,0,0,0.0333333333333333,-1241.0430959455462,0.0036169609277266,False
2017-02-16,321,67,7812,1800,90,7812,7812,3,2017,7,2,1,0,0,0,0.0372222222222222,1138.939482451667,0.0016068082966188,False
2017-02-17,322,63,7272,1800,90,7272,7272,4,2017,7,2,1,0,0,0,0.035,689.7495869812841,0.0033822393534444,False
2017-02-18,323,52,7464,1800,90,7464,7464,5,2017,7,2,1,0,0,0,0.0288888888888888,1202.1495036141046,7.471288214931475e-05,False
2017-02-19,324,54,5268,1800,90,5268,5268,6,2017,7,2,1,0,0,0,0.03,-738.4061493219169,9.707270327076814e-05,False
2017-02-20,325,57,5814,1800,90,5814,5814,0,2017,8,2,1,0,0,0,0.0316666666666666,-1181.9890889769042,0.0009165943114814,False
2017-02-21,326,58,5820,1800,90,5820,5820,1,2017,8,2,1,0,0,0,0.0322222222222222,-1080.543095945545,-0.0009301266407783,False
2017-02-22,327,60,7056,1800,90,7056,7056,2,2017,8,2,1,0,0,0,0.0333333333333333,550.3854754830263,0.001453420866184,False
2017-02-23,328,58,8088,1800,90,8088,8088,3,2017,8,2,1,0,0,0,0.0322222222222222,1610.3680538802382,0.0001024541396713,False
2017-02-24,329,64,6696,1800,90,6696,6696,4,2017,8,2,1,0,0,0,0.0355555555555555,178.03530126699877,0.0017559876511292,False
2017-02-25,330,57,5388,1800,90,5388,5388,5,2017,8,2,1,0,0,0,0.0316666666666666,-1168.7076392430386,-0.0022904967441188,False
2017-02-26,331,57,5994,1800,90,5994,5994,6,2017,8,2,1,0,0,0,0.0316666666666666,-568.6918636076307,-0.0022904307720439,False
2017-02-27,332,58,6822,1800,90,6822,6822,0,2017,9,2,1,0,0,0,0.0322222222222222,-856.274803262618,-0.0022811075041642,False
2017-02-28,333,55,7338,1800,90,7338,7338,1,2017,9,2,1,0,0,0,0.0305555555555555,-601.400238802689,-0.0044246603831385,False
2017-03-01,334,53,10074,1800,90,10074,10074,2,2017,9,3,1,1,0,0,0.0294444444444444,2054.67118976874,-0.0031294212108053,False
2017-03-02,335,54,9246,1800,90,9246,9246,3,2017,9,3,1,1,0,0,0.03,1316.3680538802382,-0.0033767434514054,False
2017-03-03,336,50,8616,1800,90,8616,8616,4,2017,9,3,1,1,0,0,0.0277777777777777,526.035301266997,-0.0023988488088092,False
2017-03-04,337,47,6636,1800,90,6636,6636,5,2017,9,3,1,1,0,0,0.0261111111111111,-1220.1362106716092,-0.0037514813302147,False
2017-03-05,338,58,6288,1800,90,6288,6288,6,2017,9,3,1,1,0,0,0.0322222222222222,-946.6918636076308,-0.0017434115317594,False
2017-03-06,339,61,8670,1800,90,8670,8670,0,2017,10,3,1,1,0,0,0.0338888888888888,516.0109110230949,0.0014574663680666,False
2017-03-07,340,56,6948,1800,90,6948,6948,1,2017,10,3,1,1,0,0,0.0311111111111111,-1128.543095945545,-0.001771261171976,False
2017-03-08,341,52,8700,1800,90,8700,8700,2,2017,10,3,1,1,0,0,0.0288888888888888,591.5283326258832,-0.0039439006675724,False
2017-03-09,342,55,9030,1800,90,9030,9030,3,2017,10,3,1,1,0,0,0.0305555555555555,1013.79662530881,-0.0049770445668047,False
2017-03-10,343,61,8166,1800,90,8166,8166,4,2017,10,3,1,1,0,0,0.0338888888888888,610.0353012669988,-0.0004358332252626,False
2017-03-11,344,57,7548,1800,90,7548,7548,5,2017,10,3,1,1,0,0,0.0316666666666666,135.86378932839,0.000540586470229,False
2017-03-12,345,61,6564,1800,90,6564,6564,6,2017,10,3,1,1,0,0,0.0338888888888888,-278.12043503620225,0.0016388377390134,False
2017-03-13,346,66,6174,1800,90,6174,6174,0,2017,11,3,1,1,0,0,0.0366666666666666,-1319.9890889769042,0.0030104230950977,False
2017-03-14,347,57,7188,1800,90,7188,7188,1,2017,11,3,1,1,0,0,0.0316666666666666,56.02833262588348,-0.002116250357268,False
2017-03-15,348,60,7686,1800,90,7686,7686,2,2017,11,3,1,1,0,0,0.0333333333333333,642.0997611973125,-0.0028734943267135,False
2017-03-16,349,61,6942,1800,90,6942,6942,3,2017,11,3,1,1,0,0,0.0338888888888888,100.93948245166672,-0.0020673179268097,False
2017-03-17,350,60,5724,1800,90,5724,5724,4,2017,11,3,1,1,0,0,0.0333333333333333,-1057.964698733002,0.0002829113261508,False
2017-03-18,351,54,7620,1800,90,7620,7620,5,2017,11,3,1,1,0,0,0.03,849.8637893283909,-0.0018984411956317,False
2017-03-19,352,58,6066,1800,90,6066,6066,6,2017,11,3,1,1,0,0,0.0322222222222222,-382.6918636076298,-0.0013093718259949,False
2017-03-20,353,59,6486,1800,90,6486,6486,0,2017,12,3,1,1,0,0,0.0327777777777777,-945.4176604054747,-0.0041787730351688,False
2017-03-21,354,58,8352,1800,90,8352,8352,1,2017,12,3,1,1,0,0,0.0322222222222222,763.1711897687421,-0.0060288161526321,False
2017-03-22,355,57,8412,1800,90,8412,8412,2,2017,12,3,1,1,0,0,0.0316666666666666,1062.0997611973123,-0.0047260255338611,False
2017-03-23,356,56,7170,1800,90,7170,7170,3,2017,12,3,1,1,0,0,0.0311111111111111,-146.7748032626186,-0.0081673292363082,False
2017-03-24,357,53,6918,1800,90,6918,6918,4,2017,12,3,1,1,0,0,0.0294444444444444,-633.6789844472866,-0.004815888924543,False
2017-03-25,358,48,6636,1800,90,6636,6636,5,2017,12,3,1,1,0,0,0.0266666666666666,-785.5647821001797,-0.0059469495198939,False
2017-03-26,359,48,6756,1800,90,6756,6756,6,2017,12,3,1,1,0,0,0.0266666666666666,-197.5490064647729,-0.0035894091473402,False
2017-03-27,360,56,8856,1800,90,8856,8856,0,2017,13,3,1,1,0,0,0.0311111111111111,872.5823395945242,-0.000316025580984,False
2017-03-28,361,56,8688,1800,90,8688,8688,1,2017,13,3,1,1,0,0,0.0311111111111111,506.8854754830257,-3.5187170157104444e-05,False
2017-03-29,362,59,8112,1800,90,8112,8112,2,2017,13,3,1,1,0,0,0.0327777777777777,-419.04309594554616,-0.0023264797987202,False
2017-03-30,363,58,7728,1800,90,7728,7728,3,2017,13,3,1,1,0,0,0.0322222222222222,-653.3462318340461,-0.0046667237069058,False
2017-03-31,364,58,8394,1800,90,8394,8394,4,2017,13,3,1,1,0,0,0.0322222222222222,-71.39327016157279,-0.0001755568965143,False
2017-04-01,365,45,9774,1800,90,9774,9774,5,2017,13,4,2,1,0,0,0.025,1395.8637893283908,-0.0016517362651615,False
2017-04-02,366,45,6630,1800,90,6630,6630,6,2017,13,4,2,1,0,0,0.025,-1274.1204350362032,-6.596078698183246e-05,False
2017-04-03,367,49,10170,1800,90,10170,10170,0,2017,14,4,2,1,0,0,0.0272222222222222,1379.153768165953,-0.0007955506762901,False
2017-04-04,368,52,9324,1800,90,9324,9324,1,2017,14,4,2,1,0,0,0.0288888888888888,464.0283326258835,0.000827967897205,False
2017-04-05,369,48,7770,1800,90,7770,7770,2,2017,14,4,2,1,0,0,0.0266666666666666,-858.7573816598306,-0.0010831912792749,False
2017-04-06,370,43,7284,1800,90,7284,7284,3,2017,14,4,2,1,0,0,0.0238888888888888,-1135.0605175483342,-0.0029960822227227,False
2017-04-07,371,38,8970,1800,90,8970,8970,4,2017,14,4,2,1,0,0,0.0211111111111111,778.892444124141,-0.0046660310001187,False
2017-04-08,372,44,8844,1800,90,8844,8844,5,2017,14,4,2,1,0,0,0.0244444444444444,1025.578075042676,-0.0035199970998968,False
2017-04-09,373,41,6084,1800,90,6084,6084,6,2017,14,4,2,1,0,0,0.0227777777777777,-1408.6918636076307,-0.0054153724574419,False
2017-04-10,374,45,9300,1800,90,9300,9300,0,2017,15,4,2,1,0,1,0.025,989.1537681659528,-0.0022083897845361,False
2017-04-11,375,46,7962,1800,90,7962,7962,1,2017,15,4,2,1,0,1,0.0255555555555555,-228.54309594554587,-0.0029784888840173,False
2017-04-12,376,46,8466,1800,90,8466,8466,2,2017,15,4,2,1,0,1,0.0255555555555555,654.9569040544557,-0.003763179592793,False
2017-04-13,377,55,6360,1800,90,6360,6360,3,2017,15,4,2,1,0,1,0.0305555555555555,-1462.489088976903,-0.0009983582593089,False
2017-04-14,378,53,8220,1800,90,8220,8220,4,2017,15,4,2,1,1,1,0.0294444444444444,537.1781584098557,0.0005521457202208,False
2017-04-15,379,53,6876,1800,90,6876,6876,5,2017,15,4,2,1,0,1,0.0294444444444444,-624.4219249573238,0.0003187318067102,False
2017-04-16,380,54,7086,1800,90,7086,7086,6,2017,15,4,2,1,0,1,0.03,-4.691863607630694,0.0019211958637101,False
2017-04-17,381,59,9048,1800,90,9048,9048,0,2017,16,4,2,1,1,1,0.0327777777777777,770.5823395945251,0.0043558316742948,False
2017-04-18,382,60,7932,1800,90,7932,7932,1,2017,16,4,2,1,0,1,0.0333333333333333,-357.9716673741165,0.0025277289840479,False
2017-04-19,383,67,8574,1800,90,8574,8574,2,2017,16,4,2,1,0,1,0.0372222222222222,153.5283326258832,0.004465571508705,False
2017-04-20,384,72,8016,1800,90,8016,8016,3,2017,16,4,2,1,0,1,0.04,-288.20337469118925,0.0066414035815004,False
2017-04-21,385,69,8400,1800,90,8400,8400,4,2017,16,4,2,1,0,1,0.0383333333333333,322.8924441241419,0.0068425406573353,False
2017-04-22,386,61,8478,1800,90,8478,8478,5,2017,16,4,2,1,0,1,0.0338888888888888,519.0066464712487,0.004347349550371,False
2017-04-23,387,71,7194,1800,90,7194,7194,6,2017,16,4,2,1,0,0,0.0394444444444444,-382.6918636076289,0.0073776637188165,False
2017-04-24,388,68,8184,1800,90,8184,8184,0,2017,17,4,2,1,0,0,0.0377777777777777,-250.27480326261707,0.0078517178441918,False
2017-04-25,389,69,8352,1800,90,8352,8352,1,2017,17,4,2,1,0,0,0.0383333333333333,98.02833262588348,0.0073404460439552,False
2017-04-26,390,61,8874,1800,90,8874,8874,2,2017,17,4,2,1,0,0,0.0338888888888888,1005.5283326258832,0.0043138074625433,False
2017-04-27,391,61,7368,1800,90,7368,7368,3,2017,17,4,2,1,0,0,0.0338888888888888,-338.7748032626186,0.0050904118798449,False
2017-04-28,392,63,7230,1800,90,7230,7230,4,2017,17,4,2,1,0,0,0.035,-663.6789844472866,0.0059033197875406,False
2017-04-29,393,59,6468,1800,90,6468,6468,5,2017,17,4,2,1,0,0,0.0327777777777777,-1250.9933535287514,0.0045435175152738,False
2017-04-30,394,62,6984,1800,90,6984,6984,6,2017,17,4,2,1,0,0,0.0344444444444444,-477.8347207504876,0.0039872763213678,False
2017-05-01,395,64,10218,1800,90,10218,10218,0,2017,18,5,2,1,1,0,0.0355555555555555,1489.725196737382,0.0032362926306072,False
2017-05-02,396,69,8376,1800,90,8376,8376,1,2017,18,5,2,1,0,0,0.0383333333333333,-326.2573816598303,0.0022778432571063,False
2017-05-03,397,65,10050,1800,90,10050,10050,2,2017,18,5,2,1,0,0,0.0361111111111111,1045.814046911597,0.0001352351924914,False
2017-05-04,398,64,9582,1800,90,9582,9582,3,2017,18,5,2,1,0,0,0.0355555555555555,712.0823395945246,0.0003997054602908,False
2017-05-05,399,63,7140,1800,90,7140,7140,4,2017,18,5,2,1,0,0,0.035,-1397.393270161573,0.0014437771625118,False
2017-05-06,400,54,9270,1800,90,9270,9270,5,2017,18,5,2,1,0,0,0.03,758.1495036141047,-0.0012920918546456,False
2017-05-07,401,61,6966,1800,90,6966,6966,6,2017,18,5,2,1,0,0,0.0338888888888888,-980.1204350362032,0.0011777683316783,False
2017-05-08,402,59,8616,1800,90,8616,8616,0,2017,19,5,2,1,0,0,0.0327777777777777,-177.41766040547486,0.0045555479943725,False
2017-05-09,403,54,9444,1800,90,9444,9444,1,2017,19,5,2,1,0,0,0.03,338.0283326258835,0.0036825890054417,False
2017-05-10,404,55,9066,1800,90,9066,9066,2,2017,19,5,2,1,0,0,0.0305555555555555,252.0997611973125,0.0039598342943287,False
2017-05-11,405,55,8862,1800,90,8862,8862,3,2017,19,5,2,1,0,0,0.0305555555555555,-52.489088976903005,0.0034143112064585,False
2017-05-12,406,55,9420,1800,90,9420,9420,4,2017,19,5,2,1,0,0,0.0305555555555555,660.6067298384272,0.0049773357433581,False
2017-05-13,407,54,7914,1800,90,7914,7914,5,2017,19,5,2,1,0,0,0.03,-486.42192495732286,0.0028542766182421,False
2017-05-14,408,65,8592,1800,90,8592,8592,6,2017,19,5,2,1,0,0,0.0361111111111111,929.5938506780848,0.0040644094577273,False
2017-05-15,409,77,8256,1800,90,8256,8256,0,2017,20,5,2,1,0,0,0.0427777777777777,-125.1319461197602,0.007388996778837,False
2017-05-16,410,70,8178,1800,90,8178,8178,1,2017,20,5,2,1,0,0,0.0388888888888888,49.17118976874036,0.0062288519230095,False
2017-05-17,411,70,6876,1800,90,6876,6876,2,2017,20,5,2,1,0,0,0.0388888888888888,-957.328810231259,0.004645559822223,False
2017-05-18,412,62,7242,1800,90,7242,7242,3,2017,20,5,2,1,0,0,0.0344444444444444,-98.77480326261768,0.0019034776492914,False
2017-05-19,413,55,7746,1800,90,7746,7746,4,2017,20,5,2,1,0,0,0.0305555555555555,436.03530126699786,-0.0013667180521566,False
2017-05-20,414,45,6534,1800,90,6534,6534,5,2017,20,5,2,1,0,0,0.025,-801.8504963858935,-0.0054542959816701,False
2017-05-21,415,48,6066,1800,90,6066,6066,6,2017,20,5,2,1,0,0,0.0266666666666666,-1025.549006464772,-0.0046119527478133,False
2017-05-22,416,61,8766,1800,90,8766,8766,0,2017,21,5,2,1,0,0,0.0338888888888888,794.5823395945251,-0.0023082008216643,False
2017-05-23,417,54,9606,1800,90,9606,9606,1,2017,21,5,2,1,0,0,0.03,1745.456904054454,-0.0034613997604563,False
2017-05-24,418,51,8142,1800,90,8142,8142,2,2017,21,5,2,1,0,0,0.0283333333333333,271.81404691159787,-0.0069147810649127,False
2017-05-25,419,52,6750,1800,90,6750,6750,3,2017,21,5,2,1,1,0,0.0288888888888888,-1341.6319461197618,-0.009773245046516,False
2017-05-26,420,58,7062,1800,90,7062,7062,4,2017,21,5,2,1,0,0,0.0322222222222222,-832.5361273044306,-0.0046685756372959,False
2017-05-27,421,51,7290,1800,90,7290,7290,5,2017,21,5,2,1,0,0,0.0283333333333333,-68.13621067160909,-0.006314416333584,False
2017-05-28,422,58,8538,1800,90,8538,8538,6,2017,21,5,2,1,0,0,0.0322222222222222,1440.450993535227,-0.0022531777549995,False
2017-05-29,423,57,8112,1800,90,8112,8112,0,2017,22,5,2,1,0,0,0.0316666666666666,-518.5605175483336,0.0001018109119404,False
2017-05-30,424,55,7098,1800,90,7098,7098,1,2017,22,5,2,1,0,0,0.0305555555555555,-1916.2573816598303,7.22224363194409e-05,False
2017-05-31,425,52,9294,1800,90,9294,9294,2,2017,22,5,2,1,0,0,0.0288888888888888,377.24261834016943,-0.0004993761141798,False
2017-06-01,426,54,10830,1800,90,10830,10830,3,2017,22,6,2,2,0,0,0.03,2102.36805388024,0.000322452160509,False
2017-06-02,427,57,9840,1800,90,9840,9840,4,2017,22,6,2,2,0,0,0.0316666666666666,964.0353012669996,0.0027162701058559,False
2017-06-03,428,56,7296,1800,90,7296,7296,5,2017,22,6,2,2,0,0,0.0311111111111111,-1568.9933535287523,-0.0004565885112751,False
2017-06-04,429,48,8136,1800,90,8136,8136,6,2017,22,6,2,2,0,0,0.0266666666666666,-351.8347207504876,-0.0050479810404089,False
2017-06-05,430,56,9876,1800,90,9876,9876,0,2017,23,6,2,2,1,0,0.0311111111111111,672.8680538802389,-0.0004670309482835,False
2017-06-06,431,61,8268,1800,90,8268,8268,1,2017,23,6,2,2,0,0,0.0338888888888888,-505.4002388026872,-0.0006635829649085,False
2017-06-07,432,58,9630,1800,90,9630,9630,2,2017,23,6,2,2,0,0,0.0322222222222222,666.9569040544557,-0.0015011008127109,False
2017-06-08,433,54,9186,1800,90,9186,9186,3,2017,23,6,2,2,0,0,0.03,400.9394824516676,-0.0028755111872909,False
2017-06-09,434,56,6924,1800,90,6924,6924,4,2017,23,6,2,2,0,0,0.0311111111111111,-1657.107555875857,-0.002571935972057,False
2017-06-10,435,54,9312,1800,90,9312,9312,5,2017,23,6,2,2,0,0,0.03,682.720932185534,-0.006009703100057,False
2017-06-11,436,54,7812,1800,90,7812,7812,6,2017,23,6,2,2,0,0,0.03,-212.9775778933445,-0.0028444147785279,False
2017-06-12,437,56,9174,1800,90,9174,9174,0,2017,24,6,2,2,0,0,0.0311111111111111,446.58233959452514,-0.0007016182222703,False
2017-06-13,438,56,9852,1800,90,9852,9852,1,2017,24,6,2,2,0,0,0.0311111111111111,1022.8854754830264,-0.0027839607964064,False
2017-06-14,439,55,8376,1800,90,8376,8376,2,2017,24,6,2,2,0,0,0.0305555555555555,-109.61452451697367,-0.0025128320613267,False
2017-06-15,440,45,7452,1800,90,7452,7452,3,2017,24,6,2,2,0,0,0.025,-720.2033746911892,-0.0071344633622489,False
2017-06-16,441,50,7728,1800,90,7728,7728,4,2017,24,6,2,2,0,0,0.0277777777777777,-225.67898444728743,-0.0049741158779055,False
2017-06-17,442,52,7596,1800,90,7596,7596,5,2017,24,6,2,2,0,0,0.0288888888888888,15.0066464712487,-0.0062634976724402,False
2017-06-18,443,64,6540,1800,90,6540,6540,6,2017,24,6,2,2,0,0,0.0355555555555555,-689.5490064647738,-0.0021411430348389,False
2017-06-19,444,63,8370,1800,90,8370,8370,0,2017,25,6,2,2,0,0,0.035,26.582339594525138,-0.0021643628490804,False
2017-06-20,445,59,8490,1800,90,8490,8490,1,2017,25,6,2,2,0,0,0.0327777777777777,272.0283326258844,-0.0045948212136327,False
2017-06-21,446,60,8892,1800,90,8892,8892,2,2017,25,6,2,2,0,0,0.0333333333333333,762.9569040544557,-0.0043261758559462,False
2017-06-22,447,53,8598,1800,90,8598,8598,3,2017,25,6,2,2,0,0,0.0294444444444444,670.0823395945246,-0.0065442017829716,False
2017-06-23,448,55,6942,1800,90,6942,6942,4,2017,25,6,2,2,0,0,0.0305555555555555,-775.107555875859,-0.0046953767927497,False
2017-06-24,449,57,7662,1800,90,7662,7662,5,2017,25,6,2,2,0,0,0.0316666666666666,226.72093218553312,-0.0041452827825428,False
2017-06-25,450,63,6054,1800,90,6054,6054,6,2017,25,6,2,2,0,0,0.035,-834.406149321916,-0.0061715915035799,False
2017-06-26,451,64,7620,1800,90,7620,7620,0,2017,26,6,2,2,0,0,0.0355555555555555,-155.9890889769033,-0.0019556625460801,False
2017-06-27,452,53,7764,1800,90,7764,7764,1,2017,26,6,2,2,0,0,0.0294444444444444,-301.4002388026872,-0.0052741686555655,False
2017-06-28,453,54,8040,1800,90,8040,8040,2,2017,26,6,2,2,0,0,0.03,-25.614524516973688,-0.0039416199186951,False
2017-06-29,454,57,8160,1800,90,8160,8160,3,2017,26,6,2,2,0,0,0.0316666666666666,-31.91766040547548,-0.004944115076816,False
2017-06-30,455,59,9060,1800,90,9060,9060,4,2017,26,6,2,2,0,0,0.0327777777777777,802.8924441241428,-0.0046337211764056,False
2017-07-01,456,51,8352,1800,90,8352,8352,5,2017,26,7,3,2,0,0,0.0283333333333333,63.86378932839091,-0.0044652190723676,False
2017-07-02,457,50,7860,1800,90,7860,7860,6,2017,26,7,3,2,0,0,0.0277777777777777,-339.8347207504876,-0.0044806494694724,False
2017-07-03,458,60,8802,1800,90,8802,8802,0,2017,27,7,3,2,0,0,0.0333333333333333,-264.84623183404733,0.0009231797382501,False
2017-07-04,459,48,9228,1800,90,9228,9228,1,2017,27,7,3,2,0,0,0.0266666666666666,423.7426183401679,0.0002256711265381,False
2017-07-05,460,49,10398,1800,90,10398,10398,2,2017,27,7,3,2,0,0,0.0272222222222222,1828.3854754830263,-0.0002765719240105,False
2017-07-06,461,46,7578,1800,90,7578,7578,3,2017,27,7,3,2,0,0,0.0255555555555555,-862.4890889769048,-0.0032128452557417,False
2017-07-07,462,44,7314,1800,90,7314,7314,4,2017,27,7,3,2,0,0,0.0244444444444444,-793.9646987330021,-0.0040364453518724,False
2017-07-08,463,43,7398,1800,90,7398,7398,5,2017,27,7,3,2,0,0,0.0238888888888888,-338.13621067161,-0.0058946525136124,False
2017-07-09,464,46,7878,1800,90,7878,7878,6,2017,27,7,3,2,0,0,0.0255555555555555,977.5938506780832,-0.006376027183163,False
2017-07-10,465,49,7200,1800,90,7200,7200,0,2017,28,7,3,2,0,0,0.0272222222222222,-562.274803262618,-0.0042327523293618,False
2017-07-11,466,47,7872,1800,90,7872,7872,1,2017,28,7,3,2,0,0,0.0261111111111111,-168.54309594554405,-0.0063608064830108,False
2017-07-12,467,49,7524,1800,90,7524,7524,2,2017,28,7,3,2,0,0,0.0272222222222222,-619.6145245169737,-0.0047566247959163,False
2017-07-13,468,53,6960,1800,90,6960,6960,3,2017,28,7,3,2,0,0,0.0294444444444444,-1209.63194611976,4.017885705165196e-05,False
2017-07-14,469,59,9354,1800,90,9354,9354,4,2017,28,7,3,2,0,0,0.0327777777777777,982.892444124141,0.0016816512595189,False
2017-07-15,470,62,8808,1800,90,8808,8808,5,2017,28,7,3,2,0,0,0.0344444444444444,364.720932185534,0.0006545744350377,False
2017-07-16,471,71,8982,1800,90,8982,8982,6,2017,28,7,3,2,0,0,0.0394444444444444,676.7367078209418,0.0039142876450032,False
2017-07-17,472,69,9336,1800,90,9336,9336,0,2017,29,7,3,2,0,0,0.0383333333333333,53.15376816595267,0.0054257432245914,False
2017-07-18,473,66,9624,1800,90,9624,9624,1,2017,29,7,3,2,0,0,0.0366666666666666,540.3140469115972,0.0037692103398682,False
2017-07-19,474,59,9534,1800,90,9534,9534,2,2017,29,7,3,2,0,0,0.0327777777777777,636.9569040544557,-0.0008328484600997,False
2017-07-20,475,56,7152,1800,90,7152,7152,3,2017,29,7,3,2,0,1,0.0311111111111111,-1428.2033746911893,-0.000911475392728,False
2017-07-21,476,54,8052,1800,90,8052,8052,4,2017,29,7,3,2,0,1,0.03,-166.5361273044315,0.0003246457320016,False
2017-07-22,477,51,8190,1800,90,8190,8190,5,2017,29,7,3,2,0,1,0.0283333333333333,324.4352178998193,0.0002659659274674,False
2017-07-23,478,55,7686,1800,90,7686,7686,6,2017,29,7,3,2,0,1,0.0305555555555555,471.02242210665554,-0.0004915442864234,False
2017-07-24,479,62,7530,1800,90,7530,7530,0,2017,30,7,3,2,0,1,0.0344444444444444,-813.4176604054758,0.0014423257768625,False
2017-07-25,480,59,8400,1800,90,8400,8400,1,2017,30,7,3,2,0,1,0.0327777777777777,205.1711897687404,0.0006152008870123,False
2017-07-26,481,61,7956,1800,90,7956,7956,2,2017,30,7,3,2,0,1,0.0338888888888888,-216.75738165983057,-0.0011965831392633,False
2017-07-27,482,55,8400,1800,90,8400,8400,3,2017,30,7,3,2,0,1,0.0305555555555555,553.5109110230961,-0.0039193661241227,False
2017-07-28,483,56,7104,1800,90,7104,7104,4,2017,30,7,3,2,0,1,0.0311111111111111,-679.964698733003,-0.0023195503747034,False
2017-07-29,484,52,8724,1800,90,8724,8724,5,2017,30,7,3,2,0,1,0.0288888888888888,821.5780750426762,-0.0071025752885864,False
2017-07-30,485,52,6324,1800,90,6324,6324,6,2017,30,7,3,2,0,1,0.0288888888888888,-1454.9775778933445,-0.0073661337280641,False
2017-07-31,486,73,7818,1800,90,7818,7818,0,2017,31,7,3,2,0,1,0.0405555555555555,-1049.9890889769042,-0.0002303090064427,False
2017-08-01,487,63,10476,1800,90,10476,10476,1,2017,31,8,3,2,0,1,0.035,1563.7426183401697,0.0001387929722483,False
2017-08-02,488,63,10068,1800,90,10068,10068,2,2017,31,8,3,2,0,1,0.035,1118.67118976874,-0.0009310620305554,False
2017-08-03,489,68,9372,1800,90,9372,9372,3,2017,31,8,3,2,0,1,0.0377777777777777,507.2251967373814,0.0009738085934932,False
2017-08-04,490,66,7506,1800,90,7506,7506,4,2017,31,8,3,2,0,1,0.0366666666666666,-1448.821841590143,0.0038067013276116,False
2017-08-05,491,64,9672,1800,90,9672,9672,5,2017,31,8,3,2,0,1,0.0355555555555555,1079.578075042677,0.0040276418066631,False
2017-08-06,492,70,6654,1800,90,6654,6654,6,2017,31,8,3,2,0,1,0.0388888888888888,-1319.549006464772,0.0038251263856905,False
2017-08-07,493,68,9174,1800,90,9174,9174,0,2017,32,8,3,2,0,1,0.0377777777777777,444.0109110230958,0.0029773333872126,False
2017-08-08,494,63,9186,1800,90,9186,9186,1,2017,32,8,3,2,0,1,0.035,194.8854754830266,0.0002583956318654,False
2017-08-09,495,57,8712,1800,90,8712,8712,2,2017,32,8,3,2,0,1,0.0316666666666666,122.67118976874008,-0.0016812823301629,False
2017-08-10,496,57,8016,1800,90,8016,8016,3,2017,32,8,3,2,0,1,0.0316666666666666,-406.489088976903,-0.0014349873690158,False
2017-08-11,497,66,9426,1800,90,9426,9426,4,2017,32,8,3,2,0,1,0.0366666666666666,1080.6067298384255,0.0049982017682108,False
2017-08-12,498,62,7548,1800,90,7548,7548,5,2017,32,8,3,2,0,1,0.0344444444444444,-570.4219249573229,0.0028407075761095,False
2017-08-13,499,66,6408,1800,90,6408,6408,6,2017,32,8,3,2,0,1,0.0366666666666666,-1342.6918636076307,0.0036803294618742,False
2017-08-14,500,65,9360,1800,90,9360,9360,0,2017,33,8,3,2,0,1,0.0361111111111111,517.725196737382,0.004958587893341,False
2017-08-15,501,69,8844,1800,90,8844,8844,1,2017,33,8,3,2,0,1,0.0383333333333333,104.8854754830266,0.0073937396997978,False
2017-08-16,502,66,9114,1800,90,9114,9114,2,2017,33,8,3,2,0,1,0.0366666666666666,301.81404691159696,0.0057609190637327,False
2017-08-17,503,59,9006,1800,90,9006,9006,3,2017,33,8,3,2,0,1,0.0327777777777777,40.08233959452453,0.0022428144414464,False
2017-08-18,504,61,8796,1800,90,8796,8796,4,2017,33,8,3,2,0,1,0.0338888888888888,82.89244412414098,0.0017376073598154,False
2017-08-19,505,52,8748,1800,90,8748,8748,5,2017,33,8,3,2,0,1,0.0288888888888888,254.14950361410467,-0.0031174755529459,False
2017-08-20,506,61,8406,1800,90,8406,8406,6,2017,33,8,3,2,0,1,0.0338888888888888,553.3081363923693,-0.0016658613576403,False
2017-08-21,507,66,8316,1800,90,8316,8316,0,2017,34,8,3,2,0,1,0.0366666666666666,-508.274803262618,0.0018311746112774,False
2017-08-22,508,76,8556,1800,90,8556,8556,1,2017,34,8,3,2,0,1,0.0422222222222222,-11.685953088402757,0.0025081352777838,False
2017-08-23,509,74,7602,1800,90,7602,7602,2,2017,34,8,3,2,0,1,0.0411111111111111,-886.1859530884012,0.0008950614974426,False
2017-08-24,510,72,9156,1800,90,9156,9156,3,2017,34,8,3,2,0,1,0.04,945.2251967373824,-0.0012305493332871,False
2017-08-25,511,75,7092,1800,90,7092,7092,4,2017,34,8,3,2,0,1,0.0416666666666666,-907.964698733002,0.001436397714698,False
2017-08-26,512,72,8880,1800,90,8880,8880,5,2017,34,8,3,2,0,1,0.04,916.720932185534,-0.0028204716276074,False
2017-08-27,513,68,7386,1800,90,7386,7386,6,2017,34,8,3,2,0,1,0.0377777777777777,-55.26329217905823,-0.0026344185954837,False
2017-08-28,514,73,7566,1800,90,7566,7566,0,2017,35,8,3,2,0,1,0.0405555555555555,-618.8462318340464,-0.001793354748652,False
2017-08-29,515,66,9546,1800,90,9546,9546,1,2017,35,8,3,2,0,1,0.0366666666666666,1071.7426183401697,-0.0006028156154309,False
2017-08-30,516,62,6924,1800,90,6924,6924,2,2017,35,8,3,2,0,1,0.0344444444444444,-1457.9002388026877,-0.0009640669172012,False
2017-08-31,517,69,7710,1800,90,7710,7710,3,2017,35,8,3,2,0,1,0.0383333333333333,-803.3462318340461,-0.0016800806959403,False
2017-09-01,518,78,9210,1800,90,9210,9210,4,2017,35,9,3,3,0,1,0.0433333333333333,712.8924441241428,0.0015783908253285,False
2017-09-02,519,67,8922,1800,90,8922,8922,5,2017,35,9,3,3,0,0,0.0372222222222222,783.8637893283909,-0.0012329125472581,False
2017-09-03,520,66,9228,1800,90,9228,9228,6,2017,35,9,3,3,0,0,0.0366666666666666,1359.8795649637989,-0.0020596368923675,False
2017-09-04,521,75,8178,1800,90,8178,8178,0,2017,36,9,3,3,0,0,0.0416666666666666,-587.1319461197611,0.0017325204416066,False
2017-09-05,522,76,8280,1800,90,8280,8280,1,2017,36,9,3,3,0,0,0.0422222222222222,-153.1145245169734,0.0014784949669611,False
2017-09-06,523,83,8010,1800,90,8010,8010,2,2017,36,9,3,3,0,0,0.0461111111111111,-133.6145245169746,0.0018195588137928,False
2017-09-07,524,93,7338,1800,90,7338,7338,3,2017,36,9,3,3,0,0,0.0516666666666666,-582.2033746911901,0.0037724547522691,False
2017-09-08,525,89,6978,1800,90,6978,6978,4,2017,36,9,3,3,0,0,0.0494444444444444,-823.107555875859,0.004193467329374,False
2017-09-09,526,89,7584,1800,90,7584,7584,5,2017,36,9,3,3,0,0,0.0494444444444444,-9.850496385894417,0.0018015343004546,False
2017-09-10,527,88,8586,1800,90,8586,8586,6,2017,36,9,3,3,0,0,0.0488888888888888,1182.450993535227,-0.000594364121399,False
2017-09-11,528,90,8070,1800,90,8070,8070,0,2017,37,9,3,3,0,0,0.05,-187.70337469118863,0.0031121567469819,False
2017-09-12,529,78,8076,1800,90,8076,8076,1,2017,37,9,3,3,0,0,0.0433333333333333,-400.8288102312597,-0.0004816908857986,False
2017-09-13,530,88,9654,1800,90,9654,9654,2,2017,37,9,3,3,0,0,0.0488888888888888,1078.3854754830263,0.0007013981152427,False
2017-09-14,531,82,6666,1800,90,6666,6666,3,2017,37,9,3,3,0,0,0.0455555555555555,-1432.489088976904,-0.0017826201495974,False
2017-09-15,532,88,8604,1800,90,8604,8604,4,2017,37,9,3,3,0,0,0.0488888888888888,484.0353012669988,0.0006413564585897,False
2017-09-16,533,74,8964,1800,90,8964,8964,5,2017,37,9,3,3,0,0,0.0411111111111111,1143.8637893283908,-0.0022054752325101,False
2017-09-17,534,79,6168,1800,90,6168,6168,6,2017,37,9,3,3,0,0,0.0438888888888888,-999.8347207504876,-4.2974231148313474e-05,False
2017-09-18,535,78,8946,1800,90,8946,8946,0,2017,38,9,3,3,0,0,0.0433333333333333,564.0109110230958,-6.969056536280244e-05,False
2017-09-19,536,86,7224,1800,90,7224,7224,1,2017,38,9,3,3,0,0,0.0477777777777777,-1029.1145245169744,-0.0026122284168408,False
2017-09-20,537,92,8064,1800,90,8064,8064,2,2017,38,9,3,3,0,0,0.0511111111111111,-84.75738165983057,-0.0033498716115856,False
2017-09-21,538,101,8514,1800,90,8514,8514,3,2017,38,9,3,3,0,0,0.0561111111111111,411.2251967373814,-0.000882195572172,False
2017-09-22,539,106,7794,1800,90,7794,7794,4,2017,38,9,3,3,0,0,0.0588888888888888,56.32101555271255,0.0041383523730333,False
2017-09-23,540,93,8922,1800,90,8922,8922,5,2017,38,9,3,3,0,0,0.0516666666666666,1155.8637893283908,-2.5790861765941087e-05,False
2017-09-24,541,94,6768,1800,90,6768,6768,6,2017,38,9,3,3,0,0,0.0522222222222222,-540.406149321916,0.0002286752120945,False
2017-09-25,542,93,7116,1800,90,7116,7116,0,2017,39,9,3,3,0,0,0.0516666666666666,-881.9890889769042,-0.0005893573121384,False
2017-09-26,543,80,8670,1800,90,8670,8670,1,2017,39,9,3,3,0,0,0.0444444444444444,540.314046911599,-0.0036711886026935,False
2017-09-27,544,76,7836,1800,90,7836,7836,2,2017,39,9,3,3,0,0,0.0422222222222222,-107.04309594554434,-0.0053020465695284,False
2017-09-28,545,73,6690,1800,90,6690,6690,3,2017,39,9,3,3,0,0,0.0405555555555555,-1499.3462318340462,-0.0082469316131878,False
2017-09-29,546,83,8808,1800,90,8808,8808,4,2017,39,9,3,3,0,0,0.0461111111111111,526.892444124141,-0.0018092964293378,False
2017-09-30,547,77,8304,1800,90,8304,8304,5,2017,39,9,3,3,0,0,0.0427777777777777,201.8637893283909,-0.0070437360515377,False
2017-10-01,548,81,9414,1800,90,9414,9414,6,2017,39,10,4,3,0,0,0.045,1596.450993535228,-0.0015080396613097,False
2017-10-02,549,82,8484,1800,90,8484,8484,0,2017,40,10,4,3,0,0,0.0455555555555555,-735.4176604054749,-0.0001988254044302,False
2017-10-03,550,88,8664,1800,90,8664,8664,1,2017,40,10,4,3,1,0,0.0488888888888888,-459.9716673741165,-4.7970830444952e-05,False
2017-10-04,551,96,8820,1800,90,8820,8820,2,2017,40,10,4,3,0,0,0.0533333333333333,62.67118976874008,0.0026859276636639,False
2017-10-05,552,86,9852,1800,90,9852,9852,3,2017,40,10,4,3,0,0,0.0477777777777777,1569.225196737381,-0.0004724885667231,False
2017-10-06,553,89,8232,1800,90,8232,8232,4,2017,40,10,4,3,0,0,0.0494444444444444,-101.3932701615728,0.0044053028766987,False
2017-10-07,554,81,6426,1800,90,6426,6426,5,2017,40,10,4,3,0,0,0.045,-1730.1362106716092,-0.0013761096482567,False
2017-10-08,555,91,7014,1800,90,7014,7014,6,2017,40,10,4,3,0,0,0.0505555555555555,-578.9775778933445,0.0022678139309482,False
2017-10-09,556,95,9564,1800,90,9564,9564,0,2017,41,10,4,3,0,0,0.0527777777777777,1421.1537681659536,0.002225175550594,False
2017-10-10,557,91,8670,1800,90,8670,8670,1,2017,41,10,4,3,0,0,0.0505555555555555,792.3140469115972,-0.0012400909373196,False
2017-10-11,558,88,7854,1800,90,7854,7854,2,2017,41,10,4,3,0,0,0.0488888888888888,-3.328810231259922,-0.0012720685445125,False
2017-10-12,559,92,7050,1800,90,7050,7050,3,2017,41,10,4,3,0,0,0.0511111111111111,-803.346231834047,-0.0005404256670619,False
2017-10-13,560,88,6468,1800,90,6468,6468,4,2017,41,10,4,3,0,0,0.0488888888888888,-1208.8218415901442,-0.0003467772071171,False
2017-10-14,561,75,6972,1800,90,6972,6972,5,2017,41,10,4,3,0,0,0.0416666666666666,-392.1362106716091,-0.0073965986898238,False
2017-10-15,562,88,7908,1800,90,7908,7908,6,2017,41,10,4,3,0,0,0.0488888888888888,1017.0224221066557,-0.00233656096008,False
2017-10-16,563,96,9054,1800,90,9054,9054,0,2017,42,10,4,3,0,0,0.0533333333333333,1009.725196737382,0.0015038494490568,False
2017-10-17,564,94,7728,1800,90,7728,7728,1,2017,42,10,4,3,0,0,0.0522222222222222,-441.1145245169734,-4.4622470066965625e-06,False
2017-10-18,565,93,7518,1800,90,7518,7518,2,2017,42,10,4,3,0,0,0.0516666666666666,-551.9002388026875,0.0014580695413234,False
2017-10-19,566,93,8472,1800,90,8472,8472,3,2017,42,10,4,3,0,0,0.0516666666666666,654.6537681659521,0.0004853631311939,False
2017-10-20,567,97,7434,1800,90,7434,7434,4,2017,42,10,4,3,0,0,0.0538888888888888,-71.39327016157279,0.0043189941242463,False
2017-10-21,568,96,6966,1800,90,6966,6966,5,2017,42,10,4,3,0,0,0.0533333333333333,-449.5647821001816,0.0023135954094452,False
2017-10-22,569,95,7062,1800,90,7062,7062,6,2017,42,10,4,3,0,0,0.0527777777777777,58.73670782093996,0.0025224362957958,False
2017-10-23,570,89,7596,1800,90,7596,7596,0,2017,43,10,4,3,0,1,0.0494444444444444,-269.1319461197611,0.0020177075117082,False
2017-10-24,571,81,8346,1800,90,8346,8346,1,2017,43,10,4,3,0,1,0.045,341.45690405445504,-9.586498610439623e-05,False
2017-10-25,572,78,7608,1800,90,7608,7608,2,2017,43,10,4,3,0,1,0.0433333333333333,-226.18595308840213,0.003669835189664,False
2017-10-26,573,77,7854,1800,90,7854,7854,3,2017,43,10,4,3,0,1,0.0427777777777777,51.22519673738141,0.0031780526399061,False
2017-10-27,574,73,8502,1800,90,8502,8502,4,2017,43,10,4,3,0,1,0.0405555555555555,565.4638726955703,0.0014774166376882,False
2017-10-28,575,64,6462,1800,90,6462,6462,5,2017,43,10,4,3,0,1,0.0355555555555555,-1132.7076392430376,-0.0034344823684895,False
2017-10-29,576,119,7764,1800,90,7764,7764,6,2017,43,10,4,3,0,1,0.0661111111111111,262.7367078209418,0.0180546848597251,True
2017-10-30,577,64,9258,1800,90,9258,9258,0,2017,44,10,4,3,0,1,0.0355555555555555,676.2966253088114,-0.0021411045511285,False
2017-10-31,578,64,7200,1800,90,7200,7200,1,2017,44,10,4,3,1,1,0.0355555555555555,-1506.543095945544,-0.0050125202647343,False
2017-11-01,579,57,9930,1800,90,9930,9930,2,2017,44,11,4,3,0,1,0.0316666666666666,1152.0997611973123,-0.0050270137012982,False
2017-11-02,580,60,8766,1800,90,8766,8766,3,2017,44,11,4,3,0,1,0.0333333333333333,216.65376816595204,-0.003771843139923,False
2017-11-03,581,62,9468,1800,90,9468,9468,4,2017,44,11,4,3,0,1,0.0344444444444444,1274.3210155527115,-0.0013812067764294,False
2017-11-04,582,49,7650,1800,90,7650,7650,5,2017,44,11,4,3,0,1,0.0272222222222222,-428.1362106716091,-0.0065479590497172,False
2017-11-05,583,61,7086,1800,90,7086,7086,6,2017,44,11,4,3,0,0,0.0338888888888888,-166.6918636076307,0.0002902255872713,False
2017-11-06,584,64,7494,1800,90,7494,7494,0,2017,45,11,4,3,0,0,0.0355555555555555,-365.1319461197602,0.0034847395380091,False
2017-11-07,585,64,7638,1800,90,7638,7638,1,2017,45,11,4,3,0,0,0.0355555555555555,154.59976119731192,0.0026134039333514,False
2017-11-08,586,58,7128,1800,90,7128,7128,2,2017,45,11,4,3,0,0,0.0322222222222222,-188.4716673741168,0.0002231225624518,False
2017-11-09,587,73,6360,1800,90,6360,6360,3,2017,45,11,4,3,0,0,0.0405555555555555,-721.0605175483314,0.0047765387378621,False
2017-11-10,588,68,6930,1800,90,6930,6930,4,2017,45,11,4,3,0,0,0.0377777777777777,-206.8218415901444,0.0039821202895567,False
2017-11-11,589,64,7170,1800,90,7170,7170,5,2017,45,11,4,3,0,0,0.0355555555555555,113.57807504267625,0.0009014144511851,False
2017-11-12,590,61,6360,1800,90,6360,6360,6,2017,45,11,4,3,0,0,0.0338888888888888,-282.406149321916,0.0009465864733706,False
2017-11-13,591,61,8610,1800,90,8610,8610,0,2017,46,11,4,3,0,0,0.0338888888888888,900.0109110230949,0.0022876997992585,False
2017-11-14,592,63,8322,1800,90,8322,8322,1,2017,46,11,4,3,0,0,0.035,633.7426183401687,0.0014532017446494,False
2017-11-15,593,68,7206,1800,90,7206,7206,2,2017,46,11,4,3,0,0,0.0377777777777777,-258.7573816598315,0.0012824157502067,False
2017-11-16,594,65,7182,1800,90,7182,7182,3,2017,46,11,4,3,0,0,0.0361111111111111,-60.20337469119015,-0.0013205218920455,False
2017-11-17,595,73,6870,1800,90,6870,6870,4,2017,46,11,4,3,0,0,0.0405555555555555,86.32101555271345,0.002677420407521,False
2017-11-18,596,65,6294,1800,90,6294,6294,5,2017,46,11,4,3,0,0,0.0361111111111111,-228.4219249573229,-0.0012154707872489,False
2017-11-19,597,67,5724,1800,90,5724,5724,6,2017,46,11,4,3,0,0,0.0372222222222222,-440.1204350362013,-0.0019847036105552,False
2017-11-20,598,70,6126,1800,90,6126,6126,0,2017,47,11,4,3,0,0,0.0388888888888888,-826.274803262618,-0.0018814384640737,False
2017-11-21,599,70,7740,1800,90,7740,7740,1,2017,47,11,4,3,0,0,0.0388888888888888,867.7426183401687,-0.0002826759117083,False
2017-11-22,600,62,7674,1800,90,7674,7674,2,2017,47,11,4,3,0,0,0.0344444444444444,878.6711897687401,-0.0026798529352054,False
2017-11-23,601,59,6048,1800,90,6048,6048,3,2017,47,11,4,3,0,0,0.0327777777777777,-588.2033746911892,-0.0051856372724923,False
2017-11-24,602,60,6402,1800,90,6402,6402,4,2017,47,11,4,3,0,0,0.0333333333333333,-118.53612730442968,-0.0040989986596651,False
2017-11-25,603,52,6444,1800,90,6444,6444,5,2017,47,11,4,3,0,0,0.0288888888888888,117.0066464712478,-0.0086245007935476,False
2017-11-26,604,62,5532,1800,90,5532,5532,6,2017,47,11,4,3,0,0,0.0344444444444444,-152.12043503620225,-0.0028443307426706,False
2017-11-27,605,72,6042,1800,90,6042,6042,0,2017,48,11,4,3,0,0,0.04,-816.8462318340473,-0.0007264237224564,False
2017-11-28,606,70,7632,1800,90,7632,7632,1,2017,48,11,4,3,0,0,0.0388888888888888,546.3140469115972,-0.0004052386754985,False
2017-11-29,607,67,6150,1800,90,6150,6150,2,2017,48,11,4,3,0,0,0.0372222222222222,-778.1859530884021,0.0008073963905442,False
2017-11-30,608,67,7620,1800,90,7620,7620,3,2017,48,11,4,3,0,0,0.0372222222222222,712.0823395945246,0.0025554019133493,False
2017-12-01,609,69,8082,1800,90,8082,8082,4,2017,48,12,4,0,0,0,0.0383333333333333,1118.3210155527129,0.0048586991034102,False
2017-12-02,610,62,6030,1800,90,6030,6030,5,2017,48,12,4,0,0,0,0.0344444444444444,-866.1362106716091,0.0020246353649612,False
2017-12-03,611,66,6312,1800,90,6312,6312,6,2017,48,12,4,0,0,0,0.0366666666666666,-372.4061493219169,0.0034083101037824,False
2017-12-04,612,76,7158,1800,90,7158,7158,0,2017,49,12,4,0,0,0,0.0422222222222222,-381.4176604054758,0.0043827741984806,False
2017-12-05,613,71,8406,1800,90,8406,8406,1,2017,49,12,4,0,0,0,0.0394444444444444,1075.1711897687403,0.003272895351484,False
2017-12-06,614,66,7644,1800,90,7644,7644,2,2017,49,12,4,0,0,0,0.0366666666666666,224.67118976874008,0.0027537304637072,False
2017-12-07,615,69,6954,1800,90,6954,6954,3,2017,49,12,4,0,0,0,0.0383333333333333,-344.7748032626186,0.0012241796864149,False
2017-12-08,616,59,6714,1800,90,6714,6714,4,2017,49,12,4,0,0,0,0.0327777777777777,-338.82184159014525,-0.0030385211160883,False
2017-12-09,617,57,7338,1800,90,7338,7338,5,2017,49,12,4,0,0,0,0.0316666666666666,578.1495036141047,-0.0027221237568561,False
2017-12-10,618,66,6390,1800,90,6390,6390,6,2017,49,12,4,0,0,0,0.0366666666666666,225.8795649637977,4.6589929050738776e-05,False
2017-12-11,619,68,6162,1800,90,6162,6162,0,2017,50,12,4,0,0,0,0.0377777777777777,-884.5605175483327,-0.000589465694833,False
2017-12-12,620,67,7602,1800,90,7602,7602,1,2017,50,12,4,0,0,0,0.0372222222222222,734.0283326258843,-0.0038226369253535,False
2017-12-13,621,69,6450,1800,90,6450,6450,2,2017,50,12,4,0,0,0,0.0383333333333333,-359.90023880268745,-0.0027044715145124,False
2017-12-14,622,79,6480,1800,90,6480,6480,3,2017,50,12,4,0,0,0,0.0438888888888888,-51.63194611976171,-0.0008283058115093,False
2017-12-15,623,83,5556,1800,90,5556,5556,4,2017,50,12,4,0,0,0,0.0461111111111111,-862.5361273044297,0.0005414252580394,False
2017-12-16,624,74,7620,1800,90,7620,7620,5,2017,50,12,4,0,1,0,0.0411111111111111,1610.1495036141046,0.0003670304340198,False
2017-12-17,625,75,5364,1800,90,5364,5364,6,2017,50,12,4,0,0,0,0.0416666666666666,-258.406149321916,0.0020868635246702,False
2017-12-18,626,83,6096,1800,90,6096,6096,0,2017,51,12,4,0,0,0,0.0461111111111111,-665.1319461197611,0.00283039237096,False
2017-12-19,627,82,5988,1800,90,5988,5988,1,2017,51,12,4,0,0,0,0.0455555555555555,-975.1145245169736,0.0028362144065755,False
2017-12-20,628,78,6714,1800,90,6714,6714,2,2017,51,12,4,0,0,0,0.0433333333333333,-83.90023880268836,0.0046452629478857,False
2017-12-21,629,83,7800,1800,90,7800,7800,3,2017,51,12,4,0,0,1,0.0461111111111111,1206.653768165953,0.0066004749774224,False
2017-12-22,630,81,7062,1800,90,7062,7062,4,2017,51,12,4,0,0,1,0.045,344.32101555271254,0.0060108259959841,False
2017-12-23,631,65,7152,1800,90,7152,7152,5,2017,51,12,4,0,0,1,0.0361111111111111,637.2923607569616,0.0018338606171866,False
2017-12-24,632,57,4854,1800,90,4854,4854,6,2017,51,12,4,0,0,1,0.0316666666666666,-1213.2632921790591,0.0007701551542275,False
2017-12-25,633,60,7692,1800,90,7692,7692,0,2017,52,12,4,0,1,1,0.0333333333333333,792.0109110230949,-0.00017368611696,False
2017-12-26,634,62,5814,1800,90,5814,5814,1,2017,52,12,4,0,0,1,0.0344444444444444,-1134.543095945546,-0.0028559740285197,False
2017-12-27,635,76,6558,1800,90,6558,6558,2,2017,52,12,4,0,0,1,0.0422222222222222,-189.32881023125992,-0.0045769451374631,False
2017-12-28,636,81,6978,1800,90,6978,6978,3,2017,52,12,4,0,0,1,0.045,354.6537681659529,-0.0064357342671501,False
2017-12-29,637,75,7494,1800,90,7494,7494,4,2017,52,12,4,0,0,1,0.0416666666666666,786.6067298384272,-0.0095858537237287,False
2017-12-30,638,71,6432,1800,90,6432,6432,5,2017,52,12,4,0,0,1,0.0394444444444444,-298.70763924303753,-0.0095342588488165,False
2017-12-31,639,71,4908,1800,90,4908,4908,6,2017,52,12,4,0,0,1,0.0394444444444444,-1386.406149321915,-0.0019010117504097,False
2018-01-01,640,64,9006,1900,90,9006,9006,0,2018,1,1,1,0,1,1,0.0336842105263157,1793.1537681659536,-0.00204983768309,False
2018-01-02,641,75,7224,1900,90,7224,7224,1,2018,1,1,1,0,0,1,0.0394736842105263,-110.25738165983029,-0.0019290899367431,False
2018-01-03,642,74,6480,1900,90,6480,6480,2,2018,1,1,1,0,0,0,0.0389473684210526,-909.32881023126,-0.0033138485025102,False
2018-01-04,643,80,6756,1900,90,6756,6756,3,2018,1,1,1,0,0,0,0.0421052631578947,-868.4890889769048,-0.0022991697158309,False
2018-01-05,644,80,8436,1900,90,8436,8436,4,2018,1,1,1,0,0,0,0.0421052631578947,1000.0353012669988,-0.0023214400034221,False
2018-01-06,645,76,7506,1900,90,7506,7506,5,2018,1,1,1,0,0,0,0.04,108.43521789982026,-0.0020184703175905,False
2018-01-07,646,81,7476,1900,90,7476,7476,6,2018,1,1,1,0,0,0,0.0426315789473684,220.73670782094177,-0.0035228174061015,False
2018-01-08,647,90,8412,1900,90,8412,8412,0,2018,2,1,1,0,0,0,0.0473684210526315,195.43948245166823,-0.0031442672838175,False
2018-01-09,648,83,8202,1900,90,8202,8202,1,2018,2,1,1,0,0,0,0.0436842105263157,150.31404691159815,-0.0053022114997159,False
2018-01-10,649,82,8460,1900,90,8460,8460,2,2018,2,1,1,0,0,0,0.0431578947368421,630.0997611973116,-0.0031108005926469,False
2018-01-11,650,80,6834,1900,90,6834,6834,3,2018,2,1,1,0,0,0,0.0421052631578947,-761.346231834047,-0.0017176706417961,False
2018-01-12,651,82,7374,1900,90,7374,7374,4,2018,2,1,1,0,0,0,0.0431578947368421,112.03530126699876,0.0038030516581788,False
2018-01-13,652,73,6642,1900,90,6642,6642,5,2018,2,1,1,0,0,0,0.0384210526315789,-418.70763924303753,0.0036603917583621,False
2018-01-14,653,84,6756,1900,90,6756,6756,6,2018,2,1,1,0,0,0,0.0442105263157894,508.7367078209418,0.0059977965111788,False
2018-01-15,654,90,6804,1900,90,6804,6804,0,2018,3,1,1,0,0,0,0.0473684210526315,-564.8462318340464,0.0064764945994024,False
2018-01-16,655,90,8040,1900,90,8040,8040,1,2018,3,1,1,0,0,0,0.0473684210526315,582.3140469115972,0.005097162236801,False
2018-01-17,656,83,5742,1900,90,5742,5742,2,2018,3,1,1,0,0,0,0.0436842105263157,-1498.185953088402,0.00492132780786,False
2018-01-18,657,86,8034,1900,90,8034,8034,3,2018,3,1,1,0,0,0,0.0452631578947368,910.0823395945246,0.0062521259285983,False
2018-01-19,658,93,8088,1900,90,8088,8088,4,2018,3,1,1,0,0,0,0.0489473684210526,1252.0353012669989,0.0066830673029852,False
2018-01-20,659,78,5808,1900,90,5808,5808,5,2018,3,1,1,0,0,0,0.0410526315789473,-535.279067814466,0.000767758954219,False
2018-01-21,660,85,6864,1900,90,6864,6864,6,2018,3,1,1,0,0,0,0.0447368421052631,839.593850678084,0.0036999113874105,False
2018-01-22,661,75,5514,1900,90,5514,5514,0,2018,4,1,1,0,0,0,0.0394736842105263,-1074.8462318340464,0.0004959775668263,False
2018-01-23,662,66,5838,1900,90,5838,5838,1,2018,4,1,1,0,0,0,0.0347368421052631,-527.6859530884028,-0.0032650597969295,False
2018-01-24,663,69,6486,1900,90,6486,6486,2,2018,4,1,1,0,0,0,0.0363157894736842,67.81404691159696,-0.00192993579299,False
2018-01-25,664,68,5334,1900,90,5334,5334,3,2018,4,1,1,0,0,0,0.0357894736842105,-884.7748032626185,-0.0005325247257032,False
2018-01-26,665,65,6618,1900,90,6618,6618,4,2018,4,1,1,0,0,0,0.0342105263157894,231.1781584098548,-0.0038368892496911,False
2018-01-27,666,65,6864,1900,90,6864,6864,5,2018,4,1,1,0,0,0,0.0342105263157894,705.86378932839,-0.0057927091647756,False
2018-01-28,667,73,6390,1900,90,6390,6390,6,2018,4,1,1,0,0,0,0.0384210526315789,663.8795649637987,-0.0006586421277229,False
2018-01-29,668,80,7416,1900,90,7416,7416,0,2018,5,1,1,0,0,0,0.0421052631578947,301.725196737382,0.0006012407247211,False
2018-01-30,669,81,5484,1900,90,5484,5484,1,2018,5,1,1,0,0,0,0.0426315789473684,-1805.685953088402,3.835520040804119e-05,False
2018-01-31,670,84,6438,1900,90,6438,6438,2,2018,5,1,1,0,0,0,0.0442105263157894,-1003.6145245169736,0.003882493817162,False
2018-02-01,671,70,8400,1900,90,8400,8400,3,2018,5,2,1,0,0,0,0.0368421052631578,904.9394824516668,0.0024183425714679,False
2018-02-02,672,77,7938,1900,90,7938,7938,4,2018,5,2,1,0,0,0,0.0405263157894736,527.7495869812841,0.0037133932521584,False
2018-02-03,673,63,8616,1900,90,8616,8616,5,2018,5,2,1,0,0,0,0.0331578947368421,1107.86378932839,-0.0010695162105932,False
2018-02-04,674,71,7686,1900,90,7686,7686,6,2018,5,2,1,0,0,0,0.0373684210526315,528.4509935352262,0.0038274731066428,False
2018-02-05,675,70,7548,1900,90,7548,7548,0,2018,6,2,1,0,0,1,0.0368421052631578,-497.131946119762,0.002475267047579,False
2018-02-06,676,69,7416,1900,90,7416,7416,1,2018,6,2,1,0,0,1,0.0363157894736842,-669.1145245169744,-0.0005489824022609,False
2018-02-07,677,69,6960,1900,90,6960,6960,2,2018,6,2,1,0,0,1,0.0363157894736842,-940.185953088403,-0.001094232177249,False
2018-02-08,678,73,7962,1900,90,7962,7962,3,2018,6,2,1,0,0,1,0.0384210526315789,347.79662530881166,-0.0014276197019297,False
2018-02-09,679,66,8310,1900,90,8310,8310,4,2018,6,2,1,0,0,1,0.0347368421052631,938.3210155527134,-0.001878051112177,False
2018-02-10,680,56,8010,1900,90,8010,8010,5,2018,6,2,1,0,0,1,0.0294736842105263,817.2923607569625,-0.0061546390364599,False
2018-02-11,681,66,6606,1900,90,6606,6606,6,2018,6,2,1,0,0,0,0.0347368421052631,-172.6918636076307,-0.0023976518868777,False
2018-02-12,682,75,6576,1900,90,6576,6576,0,2018,7,2,1,0,0,0,0.0394736842105263,-1040.5605175483329,0.0011055736763588,False
2018-02-13,683,58,7410,1900,90,7410,7410,1,2018,7,2,1,0,0,0,0.0305263157894736,155.45690405445413,-0.0044527244325987,False
2018-02-14,684,64,7038,1900,90,7038,7038,2,2018,7,2,1,0,0,0,0.0336842105263157,-86.4716673741159,-0.0011741432091937,False
2018-02-15,685,60,7176,1900,90,7176,7176,3,2018,7,2,1,0,0,0,0.031578947368421,86.36805388023829,-0.0033132594661266,False
2018-02-16,686,75,5868,1900,90,5868,5868,4,2018,7,2,1,0,0,0,0.0394736842105263,-1332.2504130187158,-0.0013031068350189,False
2018-02-17,687,64,7788,1900,90,7788,7788,5,2018,7,2,1,0,0,0,0.0336842105263157,870.4352178998193,-0.0030785378918445,False
2018-02-18,688,65,7284,1900,90,7284,7284,6,2018,7,2,1,0,0,0,0.0342105263157894,542.1652792495124,0.0002289885794505,False
2018-02-19,689,67,8076,1900,90,8076,8076,0,2018,8,2,1,0,0,0,0.0352631578947368,558.0109110230958,0.0002066287583291,False
2018-02-20,690,67,6678,1900,90,6678,6678,1,2018,8,2,1,0,0,0,0.0352631578947368,-1221.9716673741166,-0.0006128928498815,False
2018-02-21,691,75,8784,1900,90,8784,8784,2,2018,8,2,1,0,0,0,0.0394736842105263,1256.67118976874,0.0012338281023782,False
2018-02-22,692,68,5958,1900,90,5958,5958,3,2018,8,2,1,0,0,0,0.0357894736842105,-1201.9176604054755,-0.0011497194045841,False
2018-02-23,693,71,8634,1900,90,8634,8634,4,2018,8,2,1,0,0,0,0.0373684210526315,1864.89244412414,0.0002012473219285,False
2018-02-24,694,71,5868,1900,90,5868,5868,5,2018,8,2,1,0,0,0,0.0373684210526315,-989.5647821001816,-0.0014522861895293,False
2018-02-25,695,79,5634,1900,90,5634,5634,6,2018,8,2,1,0,0,0,0.041578947368421,-812.1204350362013,0.0025941982057187,False
2018-02-26,696,79,6066,1900,90,6066,6066,0,2018,9,2,1,0,0,0,0.041578947368421,-1929.4176604054749,0.0025941322336438,False
2018-02-27,697,80,8544,1900,90,8544,8544,1,2018,9,2,1,0,0,0,0.0421052631578947,537.7426183401687,0.0025848089657642,False
2018-02-28,698,85,8880,1900,90,8880,8880,2,2018,9,2,1,0,0,0,0.0447368421052631,670.3854754830254,0.0047283618447384,False
2018-03-01,699,78,10152,1900,90,10152,10152,3,2018,9,3,1,1,0,0,0.0410526315789473,1771.510911023095,0.0034331226724052,False
2018-03-02,700,80,8802,1900,90,8802,8802,4,2018,9,3,1,1,0,0,0.0421052631578947,22.03530126699787,0.0036804449130053,False
2018-03-03,701,72,7980,1900,90,7980,7980,5,2018,9,3,1,1,0,0,0.0378947368421052,-602.1362106716091,0.0027025502704091,False
2018-03-04,702,74,7752,1900,90,7752,7752,6,2018,9,3,1,1,0,0,0.0389473684210526,-488.1204350362013,0.0040551827918146,False
2018-03-05,703,78,9588,1900,90,9588,9588,0,2018,10,3,1,1,0,0,0.0410526315789473,795.4394824516664,0.0020471129933593,False
2018-03-06,704,69,8406,1900,90,8406,8406,1,2018,10,3,1,1,0,0,0.0363157894736842,-227.68595308840275,-0.0011537649064667,False
2018-03-07,705,76,9462,1900,90,9462,9462,2,2018,10,3,1,1,0,0,0.04,895.8140469115988,0.0020749626335759,False
2018-03-08,706,80,7368,1900,90,7368,7368,3,2018,10,3,1,1,0,0,0.0421052631578947,-1059.6319461197618,0.0042476021291723,False
2018-03-09,707,87,7782,1900,90,7782,7782,4,2018,10,3,1,1,0,0,0.0457894736842105,-468.2504130187159,0.0052807460284047,False
2018-03-10,708,76,8196,1900,90,8196,8196,5,2018,10,3,1,1,0,0,0.04,-29.56478210017974,0.0007395346868625,False
2018-03-11,709,68,7704,1900,90,7704,7704,6,2018,10,3,1,1,0,0,0.0357894736842105,236.1652792495124,-0.0002368850086291,False
2018-03-12,710,68,9072,1900,90,9072,9072,0,2018,11,3,1,1,0,0,0.0357894736842105,377.1537681659545,-0.0013351362774135,False
2018-03-13,711,68,9480,1900,90,9480,9480,1,2018,11,3,1,1,0,0,0.0357894736842105,824.0283326258834,-0.0027067216334978,False
2018-03-14,712,78,7134,1900,90,7134,7134,2,2018,11,3,1,1,0,0,0.0410526315789473,-1385.9002388026893,0.0024199518188679,False
2018-03-15,713,84,9306,1900,90,9306,9306,3,2018,11,3,1,1,0,0,0.0442105263157894,886.9394824516677,0.0031771957883134,False
2018-03-16,714,82,7602,1900,90,7602,7602,4,2018,11,3,1,1,0,0,0.0431578947368421,-652.5361273044315,0.0023710193884096,False
2018-03-17,715,72,7932,1900,90,7932,7932,5,2018,11,3,1,1,0,0,0.0378947368421052,251.5780750426772,2.079013544909261e-05,False
2018-03-18,716,74,7920,1900,90,7920,7920,6,2018,11,3,1,1,0,0,0.0389473684210526,517.3081363923702,0.0022021426572316,False
2018-03-19,717,76,8646,1900,90,8646,8646,0,2018,12,3,1,1,0,0,0.04,606.0109110230958,0.0016130732875948,False
2018-03-20,718,88,6708,1900,90,6708,6708,1,2018,12,3,1,1,0,0,0.0463157894736842,-1274.2573816598313,0.0044824744967687,False
2018-03-21,719,94,8166,1900,90,8166,8166,2,2018,12,3,1,1,0,0,0.0494736842105263,470.671189768741,0.006332517614232,False
2018-03-22,720,88,7116,1900,90,7116,7116,3,2018,12,3,1,1,0,0,0.0463157894736842,-351.6319461197617,0.0050297269954611,False
2018-03-23,721,100,7290,1900,90,7290,7290,4,2018,12,3,1,1,0,0,0.0526315789473684,64.03530126699877,0.0084710306979081,False
2018-03-24,722,84,6612,1900,90,6612,6612,5,2018,12,3,1,1,0,0,0.0442105263157894,-544.7076392430375,0.0051195903861429,False
2018-03-25,723,83,7248,1900,90,7248,7248,6,2018,12,3,1,1,0,0,0.0436842105263157,700.7367078209418,0.0062506509814938,False
2018-03-26,724,74,7680,1900,90,7680,7680,0,2018,13,3,1,1,0,1,0.0389473684210526,29.15376816595267,0.0038931106089401,False
2018-03-27,725,70,7470,1900,90,7470,7470,1,2018,13,3,1,1,0,1,0.0368421052631578,-344.2573816598303,0.0006197270425839,False
2018-03-28,726,69,6876,1900,90,6876,6876,2,2018,13,3,1,1,0,1,0.0363157894736842,-1039.6145245169737,0.000338888631757,False
2018-03-29,727,81,8190,1900,90,8190,8190,3,2018,13,3,1,1,0,1,0.0426315789473684,81.22519673738141,0.0026301812603201,False
2018-03-30,728,89,8526,1900,90,8526,8526,4,2018,13,3,1,1,1,1,0.0468421052631578,240.6067298384272,0.0049704251685057,False
2018-03-31,729,72,8010,1900,90,8010,8010,5,2018,13,3,1,1,0,1,0.0378947368421052,-322.70763924303844,0.0004792583581142,False
2018-04-01,730,64,9522,1900,90,9522,9522,6,2018,13,4,2,1,0,1,0.0336842105263157,1087.3081363923693,0.0019554377267614,False
2018-04-02,731,58,9642,1900,90,9642,9642,0,2018,14,4,2,1,1,1,0.0305263157894736,294.0109110230958,0.0003696622485817,False
2018-04-03,732,65,9048,1900,90,9048,9048,1,2018,14,4,2,1,0,1,0.0342105263157894,-447.9716673741165,0.00109925213789,False
2018-04-04,733,62,10566,1900,90,10566,10566,2,2018,14,4,2,1,0,1,0.0326315789473684,1140.9569040544557,-0.0005242664356051,False
2018-04-05,734,65,7932,1900,90,7932,7932,3,2018,14,4,2,1,0,1,0.0342105263157894,-1182.2033746911893,0.0013868927408748,False
2018-04-06,735,67,9654,1900,90,9654,9654,4,2018,14,4,2,1,0,1,0.0352631578947368,672.6067298384272,0.0032997836843226,False
2018-04-07,736,68,8202,1900,90,8202,8202,5,2018,14,4,2,1,0,1,0.0357894736842105,-534.4219249573229,0.0049697324617187,False
2018-04-08,737,70,8268,1900,90,8268,8268,6,2018,14,4,2,1,0,0,0.0368421052631578,368.16527924951424,0.0038236985614967,False
2018-04-09,738,74,9438,1900,90,9438,9438,0,2018,15,4,2,1,0,0,0.0389473684210526,281.15376816595267,0.0057190739190418,False
2018-04-10,739,66,8580,1900,90,8580,8580,1,2018,15,4,2,1,0,0,0.0347368421052631,-392.2573816598303,0.002512091246136,False
2018-04-11,740,70,7686,1900,90,7686,7686,2,2018,15,4,2,1,0,0,0.0368421052631578,-1229.0430959455443,0.0032821903456172,False
2018-04-12,741,73,10080,1900,90,10080,10080,3,2018,15,4,2,1,0,0,0.0384210526315789,1366.0823395945245,0.0040668810543929,False
2018-04-13,742,72,8454,1900,90,8454,8454,4,2018,15,4,2,1,0,0,0.0378947368421052,26.32101555271345,0.0013020597209088,False
2018-04-14,743,64,8490,1900,90,8490,8490,5,2018,15,4,2,1,0,0,0.0336842105263157,27.863789328390908,-0.0002484442586209,False
2018-04-15,744,65,7782,1900,90,7782,7782,6,2018,15,4,2,1,0,0,0.0342105263157894,-350.12043503620134,-1.5030345110354434e-05,False
2018-04-16,745,60,8160,1900,90,8160,8160,0,2018,16,4,2,1,0,0,0.031578947368421,-493.7033746911886,-0.0016174944021102,False
2018-04-17,746,56,10068,1900,90,10068,10068,1,2018,16,4,2,1,0,0,0.0294736842105263,1273.171189768742,-0.0040521302126949,False
2018-04-18,747,64,8352,1900,90,8352,8352,2,2018,16,4,2,1,0,0,0.0336842105263157,-458.4716673741168,-0.002224027522448,False
2018-04-19,748,64,7080,1900,90,7080,7080,3,2018,16,4,2,1,0,0,0.0336842105263157,-1738.489088976905,-0.004161870047105,False
2018-04-20,749,61,9534,1900,90,9534,9534,4,2018,16,4,2,1,0,0,0.0321052631578947,822.6067298384254,-0.0063377021199005,False
2018-04-21,750,57,9288,1900,90,9288,9288,5,2018,16,4,2,1,0,0,0.03,991.2923607569616,-0.0065388391957354,False
2018-04-22,751,58,8760,1900,90,8760,8760,6,2018,16,4,2,1,0,0,0.0305263157894736,771.0224221066555,-0.0040436480887711,False
2018-04-23,752,57,8136,1900,90,8136,8136,0,2018,17,4,2,1,0,0,0.03,-1151.9890889769042,-0.0070739622572166,False
2018-04-24,753,52,8412,1900,90,8412,8412,1,2018,17,4,2,1,0,0,0.0273684210526315,-675.1145245169735,-0.0075480163825919,False
2018-04-25,754,55,9174,1900,90,9174,9174,2,2018,17,4,2,1,0,0,0.0289473684210526,343.8140469115988,-0.0070367445823553,False
2018-04-26,755,58,9522,1900,90,9522,9522,3,2018,17,4,2,1,0,0,0.0305263157894736,873.2251967373815,-0.0040101060009434,False
2018-04-27,756,55,8220,1900,90,8220,8220,4,2018,17,4,2,1,0,0,0.0289473684210526,-520.5361273044297,-0.004786710418245,False
2018-04-28,757,54,8178,1900,90,8178,8178,5,2018,17,4,2,1,0,0,0.0284210526315789,-570.4219249573229,-0.0055996183259407,False
2018-04-29,758,55,8412,1900,90,8412,8412,6,2018,17,4,2,1,0,0,0.0289473684210526,130.73670782094177,-0.0042398160536739,False
2018-04-30,759,60,9504,1900,90,9504,9504,0,2018,18,4,2,1,0,0,0.031578947368421,396.8680538802389,-0.0036835748597679,False
2018-05-01,760,65,9714,1900,90,9714,9714,1,2018,18,5,2,1,1,0,0.0342105263157894,497.456904054456,-0.0029325911690073,False
2018-05-02,761,74,8880,1900,90,8880,8880,2,2018,18,5,2,1,0,0,0.0389473684210526,-447.3288102312599,-0.0019741417955064,False
2018-05-03,762,78,8652,1900,90,8652,8652,3,2018,18,5,2,1,0,0,0.0410526315789473,-753.6319461197617,0.0001684662691085,False
2018-05-04,763,76,9078,1900,90,9078,9078,4,2018,18,5,2,1,0,0,0.04,-340.53612730442967,-9.600399869093635e-05,False
2018-05-05,764,71,9642,1900,90,9642,9642,5,2018,18,5,2,1,0,0,0.0373684210526315,492.4352178998184,-0.0011400757009119,False
2018-05-06,765,72,9882,1900,90,9882,9882,6,2018,18,5,2,1,0,0,0.0378947368421052,1232.1652792495124,0.0015957933162455,False
2018-05-07,766,70,10320,1900,90,10320,10320,0,2018,19,5,2,1,0,0,0.0368421052631578,732.8680538802389,-0.0008740668700784,False
2018-05-08,767,55,9078,1900,90,9078,9078,1,2018,19,5,2,1,0,0,0.0289473684210526,-380.2573816598303,-0.0042518465327725,False
2018-05-09,768,53,8358,1900,90,8358,8358,2,2018,19,5,2,1,0,0,0.0278947368421052,-971.9002388026876,-0.0033788875438418,False
2018-05-10,769,53,8562,1900,90,8562,8562,3,2018,19,5,2,1,1,0,0.0278947368421052,-394.489088976903,-0.0036561328327287,False
2018-05-11,770,55,8268,1900,90,8268,8268,4,2018,19,5,2,1,0,0,0.0289473684210526,-288.2504130187159,-0.0031106097448586,False
2018-05-12,771,49,9432,1900,90,9432,9432,5,2018,19,5,2,1,0,0,0.0257894736842105,1209.0066464712477,-0.0046736342817582,False
2018-05-13,772,56,8190,1900,90,8190,8190,6,2018,19,5,2,1,0,0,0.0294736842105263,231.87956496379863,-0.0025505751566422,False
2018-05-14,773,63,8244,1900,90,8244,8244,0,2018,20,5,2,1,0,0,0.0331578947368421,-515.1319461197611,-0.0037607079961274,False
2018-05-15,774,63,7992,1900,90,7992,7992,1,2018,20,5,2,1,0,0,0.0331578947368421,-993.1145245169736,-0.0070852953172371,False
2018-05-16,775,60,9480,1900,90,9480,9480,2,2018,20,5,2,1,0,0,0.031578947368421,966.0997611973124,-0.0059251504614096,False
2018-05-17,776,66,7518,1900,90,7518,7518,3,2018,20,5,2,1,0,0,0.0347368421052631,-902.7748032626184,-0.0043418583606231,False
2018-05-18,777,68,9942,1900,90,9942,9942,4,2018,20,5,2,1,0,0,0.0357894736842105,1423.4638726955704,-0.0015997761876915,False
2018-05-19,778,73,6822,1900,90,6822,6822,5,2018,20,5,2,1,0,0,0.0384210526315789,-1582.7076392430367,0.0016704195137565,False
2018-05-20,779,78,8460,1900,90,8460,8460,6,2018,20,5,2,1,0,0,0.0410526315789473,774.450993535228,0.00575799744327,False
2018-05-21,780,78,9654,1900,90,9654,9654,0,2018,21,5,2,1,1,0,0.0410526315789473,833.1537681659527,0.0049156542094132,False
2018-05-22,781,83,8442,1900,90,8442,8442,1,2018,21,5,2,1,0,0,0.0436842105263157,-27.11452451697249,0.0026119022832642,False
2018-05-23,782,80,7422,1900,90,7422,7422,2,2018,21,5,2,1,0,0,0.0421052631578947,-1136.4716673741168,0.0037651012220562,False
2018-05-24,783,90,8814,1900,90,8814,8814,3,2018,21,5,2,1,0,0,0.0473684210526315,534.6537681659539,0.0072184825265126,False
2018-05-25,784,102,7572,1900,90,7572,7572,4,2018,21,5,2,1,0,0,0.0536842105263157,-490.53612730442967,0.0100769465081159,False
2018-05-26,785,89,8136,1900,90,8136,8136,5,2018,21,5,2,1,0,0,0.0468421052631578,282.43521789982026,0.0049722770988958,False
